Country Name,Country Code,Series Name,Series Code,2018 [YR2018],2019 [YR2019]
Afghanistan,AFG,GDP (current US$),NY.GDP.MKTP.CD,19362969582,..
Afghanistan,AFG,GDP (constant LCU),NY.GDP.MKTP.KN,5.11432E+11,..
Afghanistan,AFG,"GDP, PPP (current international $)",NY.GDP.MKTP.PP.CD,72672245387,..
Afghanistan,AFG,"Unemployment, female (% of female labor force) (modeled ILO estimate)",SL.UEM.TOTL.FE.ZS,2.421000004,2.38499999
Afghanistan,AFG,"Unemployment, male (% of male labor force) (modeled ILO estimate)",SL.UEM.TOTL.MA.ZS,1.055999994,1.036999941
Afghanistan,AFG,"Unemployment, total (% of total labor force) (modeled ILO estimate)",SL.UEM.TOTL.ZS,1.542000055,1.519000053
Afghanistan,AFG,"Population, total",SP.POP.TOTL,37172386,..
Afghanistan,AFG,Population in the largest city (% of urban population),EN.URB.LCTY.UR.ZS,42.33119836,..
Afghanistan,AFG,"Government expenditure on education, total (% of GDP)",SE.XPD.TOTL.GD.ZS,..,..
Afghanistan,AFG,Population ages 65 and above (% of total population),SP.POP.65UP.TO.ZS,2.58492694,..
Albania,ALB,GDP (current US$),NY.GDP.MKTP.CD,15102500898,..
Albania,ALB,GDP (constant LCU),NY.GDP.MKTP.KN,1.51326E+12,..
Albania,ALB,"GDP, PPP (current international $)",NY.GDP.MKTP.PP.CD,38306694289,..
Albania,ALB,"Unemployment, female (% of female labor force) (modeled ILO estimate)",SL.UEM.TOTL.FE.ZS,13.13199997,13.33100033
Albania,ALB,"Unemployment, male (% of male labor force) (modeled ILO estimate)",SL.UEM.TOTL.MA.ZS,14.45199966,14.4090004
Albania,ALB,"Unemployment, total (% of total labor force) (modeled ILO estimate)",SL.UEM.TOTL.ZS,13.89799976,13.95600033
Albania,ALB,"Population, total",SP.POP.TOTL,2866376,..
Albania,ALB,Population in the largest city (% of urban population),EN.URB.LCTY.UR.ZS,27.50639254,..
Albania,ALB,"Government expenditure on education, total (% of GDP)",SE.XPD.TOTL.GD.ZS,2.46866,..
Albania,ALB,Population ages 65 and above (% of total population),SP.POP.65UP.TO.ZS,13.74473591,..
Algeria,DZA,GDP (current US$),NY.GDP.MKTP.CD,1.73758E+11,..
Algeria,DZA,GDP (constant LCU),NY.GDP.MKTP.KN,6.12338E+12,..
Algeria,DZA,"GDP, PPP (current international $)",NY.GDP.MKTP.PP.CD,6.53772E+11,..
Algeria,DZA,"Unemployment, female (% of female labor force) (modeled ILO estimate)",SL.UEM.TOTL.FE.ZS,21.3220005,21.10199928
Algeria,DZA,"Unemployment, male (% of male labor force) (modeled ILO estimate)",SL.UEM.TOTL.MA.ZS,10.13799953,10.42700005
Algeria,DZA,"Unemployment, total (% of total labor force) (modeled ILO estimate)",SL.UEM.TOTL.ZS,12.14500046,12.34899998
Algeria,DZA,"Population, total",SP.POP.TOTL,42228429,..
Algeria,DZA,Population in the largest city (% of urban population),EN.URB.LCTY.UR.ZS,8.782309903,..
Algeria,DZA,"Government expenditure on education, total (% of GDP)",SE.XPD.TOTL.GD.ZS,..,..
Algeria,DZA,Population ages 65 and above (% of total population),SP.POP.65UP.TO.ZS,6.362496545,..
American Samoa,ASM,GDP (current US$),NY.GDP.MKTP.CD,636000000,..
American Samoa,ASM,GDP (constant LCU),NY.GDP.MKTP.KN,608000000,..
American Samoa,ASM,"GDP, PPP (current international $)",NY.GDP.MKTP.PP.CD,..,..
American Samoa,ASM,"Unemployment, female (% of female labor force) (modeled ILO estimate)",SL.UEM.TOTL.FE.ZS,..,..
American Samoa,ASM,"Unemployment, male (% of male labor force) (modeled ILO estimate)",SL.UEM.TOTL.MA.ZS,..,..
American Samoa,ASM,"Unemployment, total (% of total labor force) (modeled ILO estimate)",SL.UEM.TOTL.ZS,..,..
American Samoa,ASM,"Population, total",SP.POP.TOTL,55465,..
American Samoa,ASM,Population in the largest city (% of urban population),EN.URB.LCTY.UR.ZS,..,..
American Samoa,ASM,"Government expenditure on education, total (% of GDP)",SE.XPD.TOTL.GD.ZS,..,..
American Samoa,ASM,Population ages 65 and above (% of total population),SP.POP.65UP.TO.ZS,..,..
Andorra,AND,GDP (current US$),NY.GDP.MKTP.CD,3236543909,..
Andorra,AND,GDP (constant LCU),NY.GDP.MKTP.KN,2002840000,..
Andorra,AND,"GDP, PPP (current international $)",NY.GDP.MKTP.PP.CD,..,..
Andorra,AND,"Unemployment, female (% of female labor force) (modeled ILO estimate)",SL.UEM.TOTL.FE.ZS,..,..
Andorra,AND,"Unemployment, male (% of male labor force) (modeled ILO estimate)",SL.UEM.TOTL.MA.ZS,..,..
Andorra,AND,"Unemployment, total (% of total labor force) (modeled ILO estimate)",SL.UEM.TOTL.ZS,..,..
Andorra,AND,"Population, total",SP.POP.TOTL,77006,..
Andorra,AND,Population in the largest city (% of urban population),EN.URB.LCTY.UR.ZS,..,..
Andorra,AND,"Government expenditure on education, total (% of GDP)",SE.XPD.TOTL.GD.ZS,3.22691,..
Andorra,AND,Population ages 65 and above (% of total population),SP.POP.65UP.TO.ZS,..,..
Angola,AGO,GDP (current US$),NY.GDP.MKTP.CD,1.05751E+11,..
Angola,AGO,GDP (constant LCU),NY.GDP.MKTP.KN,1.55277E+12,..
Angola,AGO,"GDP, PPP (current international $)",NY.GDP.MKTP.PP.CD,1.98796E+11,..
Angola,AGO,"Unemployment, female (% of female labor force) (modeled ILO estimate)",SL.UEM.TOTL.FE.ZS,7.622000217,7.59499979
Angola,AGO,"Unemployment, male (% of male labor force) (modeled ILO estimate)",SL.UEM.TOTL.MA.ZS,6.881999969,6.894000053
Angola,AGO,"Unemployment, total (% of total labor force) (modeled ILO estimate)",SL.UEM.TOTL.ZS,7.252999783,7.245999813
Angola,AGO,"Population, total",SP.POP.TOTL,30809762,..
Angola,AGO,Population in the largest city (% of urban population),EN.URB.LCTY.UR.ZS,38.51529774,..
Angola,AGO,"Government expenditure on education, total (% of GDP)",SE.XPD.TOTL.GD.ZS,..,..
Angola,AGO,Population ages 65 and above (% of total population),SP.POP.65UP.TO.ZS,2.216373648,..
Antigua and Barbuda,ATG,GDP (current US$),NY.GDP.MKTP.CD,1610574074,..
Antigua and Barbuda,ATG,GDP (constant LCU),NY.GDP.MKTP.KN,3516470000,..
Antigua and Barbuda,ATG,"GDP, PPP (current international $)",NY.GDP.MKTP.PP.CD,2587025104,..
Antigua and Barbuda,ATG,"Unemployment, female (% of female labor force) (modeled ILO estimate)",SL.UEM.TOTL.FE.ZS,..,..
Antigua and Barbuda,ATG,"Unemployment, male (% of male labor force) (modeled ILO estimate)",SL.UEM.TOTL.MA.ZS,..,..
Antigua and Barbuda,ATG,"Unemployment, total (% of total labor force) (modeled ILO estimate)",SL.UEM.TOTL.ZS,..,..
Antigua and Barbuda,ATG,"Population, total",SP.POP.TOTL,96286,..
Antigua and Barbuda,ATG,Population in the largest city (% of urban population),EN.URB.LCTY.UR.ZS,..,..
Antigua and Barbuda,ATG,"Government expenditure on education, total (% of GDP)",SE.XPD.TOTL.GD.ZS,..,..
Antigua and Barbuda,ATG,Population ages 65 and above (% of total population),SP.POP.65UP.TO.ZS,8.79982552,..
Argentina,ARG,GDP (current US$),NY.GDP.MKTP.CD,5.19872E+11,..
Argentina,ARG,GDP (constant LCU),NY.GDP.MKTP.KN,7.0733E+11,..
Argentina,ARG,"GDP, PPP (current international $)",NY.GDP.MKTP.PP.CD,9.17057E+11,..
Argentina,ARG,"Unemployment, female (% of female labor force) (modeled ILO estimate)",SL.UEM.TOTL.FE.ZS,10.78800011,11.26099968
Argentina,ARG,"Unemployment, male (% of male labor force) (modeled ILO estimate)",SL.UEM.TOTL.MA.ZS,8.543999672,9.069000244
Argentina,ARG,"Unemployment, total (% of total labor force) (modeled ILO estimate)",SL.UEM.TOTL.ZS,9.482999802,9.984999657
Argentina,ARG,"Population, total",SP.POP.TOTL,44494502,..
Argentina,ARG,Population in the largest city (% of urban population),EN.URB.LCTY.UR.ZS,36.61348375,..
Argentina,ARG,"Government expenditure on education, total (% of GDP)",SE.XPD.TOTL.GD.ZS,..,..
Argentina,ARG,Population ages 65 and above (% of total population),SP.POP.65UP.TO.ZS,11.11778888,..
Armenia,ARM,GDP (current US$),NY.GDP.MKTP.CD,12433089919,..
Armenia,ARM,GDP (constant LCU),NY.GDP.MKTP.KN,5.33949E+12,..
Armenia,ARM,"GDP, PPP (current international $)",NY.GDP.MKTP.PP.CD,30530737471,..
Armenia,ARM,"Unemployment, female (% of female labor force) (modeled ILO estimate)",SL.UEM.TOTL.FE.ZS,17.89900017,18.26600075
Armenia,ARM,"Unemployment, male (% of male labor force) (modeled ILO estimate)",SL.UEM.TOTL.MA.ZS,17.5529995,17.23200035
Armenia,ARM,"Unemployment, total (% of total labor force) (modeled ILO estimate)",SL.UEM.TOTL.ZS,17.71199989,17.70700073
Armenia,ARM,"Population, total",SP.POP.TOTL,2951776,..
Armenia,ARM,Population in the largest city (% of urban population),EN.URB.LCTY.UR.ZS,57.95676756,..
Armenia,ARM,"Government expenditure on education, total (% of GDP)",SE.XPD.TOTL.GD.ZS,..,..
Armenia,ARM,Population ages 65 and above (% of total population),SP.POP.65UP.TO.ZS,11.25381766,..
Aruba,ABW,GDP (current US$),NY.GDP.MKTP.CD,..,..
Aruba,ABW,GDP (constant LCU),NY.GDP.MKTP.KN,..,..
Aruba,ABW,"GDP, PPP (current international $)",NY.GDP.MKTP.PP.CD,..,..
Aruba,ABW,"Unemployment, female (% of female labor force) (modeled ILO estimate)",SL.UEM.TOTL.FE.ZS,..,..
Aruba,ABW,"Unemployment, male (% of male labor force) (modeled ILO estimate)",SL.UEM.TOTL.MA.ZS,..,..
Aruba,ABW,"Unemployment, total (% of total labor force) (modeled ILO estimate)",SL.UEM.TOTL.ZS,..,..
Aruba,ABW,"Population, total",SP.POP.TOTL,105845,..
Aruba,ABW,Population in the largest city (% of urban population),EN.URB.LCTY.UR.ZS,..,..
Aruba,ABW,"Government expenditure on education, total (% of GDP)",SE.XPD.TOTL.GD.ZS,..,..
Aruba,ABW,Population ages 65 and above (% of total population),SP.POP.65UP.TO.ZS,13.55094714,..
Australia,AUS,GDP (current US$),NY.GDP.MKTP.CD,1.4339E+12,..
Australia,AUS,GDP (constant LCU),NY.GDP.MKTP.KN,1.84988E+12,..
Australia,AUS,"GDP, PPP (current international $)",NY.GDP.MKTP.PP.CD,1.29119E+12,..
Australia,AUS,"Unemployment, female (% of female labor force) (modeled ILO estimate)",SL.UEM.TOTL.FE.ZS,5.445000172,5.43900013
Australia,AUS,"Unemployment, male (% of male labor force) (modeled ILO estimate)",SL.UEM.TOTL.MA.ZS,5.336999893,5.231999874
Australia,AUS,"Unemployment, total (% of total labor force) (modeled ILO estimate)",SL.UEM.TOTL.ZS,5.387000084,5.328000069
Australia,AUS,"Population, total",SP.POP.TOTL,24992369,..
Australia,AUS,Population in the largest city (% of urban population),EN.URB.LCTY.UR.ZS,22.29337459,..
Australia,AUS,"Government expenditure on education, total (% of GDP)",SE.XPD.TOTL.GD.ZS,..,..
Australia,AUS,Population ages 65 and above (% of total population),SP.POP.65UP.TO.ZS,15.65647523,..
Austria,AUT,GDP (current US$),NY.GDP.MKTP.CD,4.55286E+11,..
Austria,AUT,GDP (constant LCU),NY.GDP.MKTP.KN,3.68857E+11,..
Austria,AUT,"GDP, PPP (current international $)",NY.GDP.MKTP.PP.CD,4.9061E+11,..
Austria,AUT,"Unemployment, female (% of female labor force) (modeled ILO estimate)",SL.UEM.TOTL.FE.ZS,4.72300005,4.639999866
Austria,AUT,"Unemployment, male (% of male labor force) (modeled ILO estimate)",SL.UEM.TOTL.MA.ZS,4.840000153,4.631000042
Austria,AUT,"Unemployment, total (% of total labor force) (modeled ILO estimate)",SL.UEM.TOTL.ZS,4.785999775,4.635000229
Austria,AUT,"Population, total",SP.POP.TOTL,8847037,..
Austria,AUT,Population in the largest city (% of urban population),EN.URB.LCTY.UR.ZS,36.8497527,..
Austria,AUT,"Government expenditure on education, total (% of GDP)",SE.XPD.TOTL.GD.ZS,..,..
Austria,AUT,Population ages 65 and above (% of total population),SP.POP.65UP.TO.ZS,19.00156646,..
Azerbaijan,AZE,GDP (current US$),NY.GDP.MKTP.CD,46939529412,..
Azerbaijan,AZE,GDP (constant LCU),NY.GDP.MKTP.KN,29031585000,..
Azerbaijan,AZE,"GDP, PPP (current international $)",NY.GDP.MKTP.PP.CD,1.79401E+11,..
Azerbaijan,AZE,"Unemployment, female (% of female labor force) (modeled ILO estimate)",SL.UEM.TOTL.FE.ZS,6.053999901,6.190999985
Azerbaijan,AZE,"Unemployment, male (% of male labor force) (modeled ILO estimate)",SL.UEM.TOTL.MA.ZS,4.425000191,4.638999939
Azerbaijan,AZE,"Unemployment, total (% of total labor force) (modeled ILO estimate)",SL.UEM.TOTL.ZS,5.21999979,5.395999908
Azerbaijan,AZE,"Population, total",SP.POP.TOTL,9942334,..
Azerbaijan,AZE,Population in the largest city (% of urban population),EN.URB.LCTY.UR.ZS,41.28926287,..
Azerbaijan,AZE,"Government expenditure on education, total (% of GDP)",SE.XPD.TOTL.GD.ZS,..,..
Azerbaijan,AZE,Population ages 65 and above (% of total population),SP.POP.65UP.TO.ZS,6.195182751,..
"Bahamas, The",BHS,GDP (current US$),NY.GDP.MKTP.CD,12424500000,..
"Bahamas, The",BHS,GDP (constant LCU),NY.GDP.MKTP.KN,10763340000,..
"Bahamas, The",BHS,"GDP, PPP (current international $)",NY.GDP.MKTP.PP.CD,12374311871,..
"Bahamas, The",BHS,"Unemployment, female (% of female labor force) (modeled ILO estimate)",SL.UEM.TOTL.FE.ZS,13.44200039,12.91499996
"Bahamas, The",BHS,"Unemployment, male (% of male labor force) (modeled ILO estimate)",SL.UEM.TOTL.MA.ZS,10.45100021,10.26000023
"Bahamas, The",BHS,"Unemployment, total (% of total labor force) (modeled ILO estimate)",SL.UEM.TOTL.ZS,11.85000038,11.50199986
"Bahamas, The",BHS,"Population, total",SP.POP.TOTL,385640,..
"Bahamas, The",BHS,Population in the largest city (% of urban population),EN.URB.LCTY.UR.ZS,..,..
"Bahamas, The",BHS,"Government expenditure on education, total (% of GDP)",SE.XPD.TOTL.GD.ZS,..,..
"Bahamas, The",BHS,Population ages 65 and above (% of total population),SP.POP.65UP.TO.ZS,7.257602357,..
Bahrain,BHR,GDP (current US$),NY.GDP.MKTP.CD,37746196809,..
Bahrain,BHR,GDP (constant LCU),NY.GDP.MKTP.KN,12651000000,..
Bahrain,BHR,"GDP, PPP (current international $)",NY.GDP.MKTP.PP.CD,74239249145,..
Bahrain,BHR,"Unemployment, female (% of female labor force) (modeled ILO estimate)",SL.UEM.TOTL.FE.ZS,3.536999941,3.665999889
Bahrain,BHR,"Unemployment, male (% of male labor force) (modeled ILO estimate)",SL.UEM.TOTL.MA.ZS,0.296000004,0.286000013
Bahrain,BHR,"Unemployment, total (% of total labor force) (modeled ILO estimate)",SL.UEM.TOTL.ZS,0.962000012,0.967999995
Bahrain,BHR,"Population, total",SP.POP.TOTL,1569439,..
Bahrain,BHR,Population in the largest city (% of urban population),EN.URB.LCTY.UR.ZS,40.29322667,..
Bahrain,BHR,"Government expenditure on education, total (% of GDP)",SE.XPD.TOTL.GD.ZS,..,..
Bahrain,BHR,Population ages 65 and above (% of total population),SP.POP.65UP.TO.ZS,2.426333878,..
Bangladesh,BGD,GDP (current US$),NY.GDP.MKTP.CD,2.74025E+11,..
Bangladesh,BGD,GDP (constant LCU),NY.GDP.MKTP.KN,1.02244E+13,..
Bangladesh,BGD,"GDP, PPP (current international $)",NY.GDP.MKTP.PP.CD,7.05409E+11,..
Bangladesh,BGD,"Unemployment, female (% of female labor force) (modeled ILO estimate)",SL.UEM.TOTL.FE.ZS,6.513000011,6.431000233
Bangladesh,BGD,"Unemployment, male (% of male labor force) (modeled ILO estimate)",SL.UEM.TOTL.MA.ZS,3.338000059,3.346999884
Bangladesh,BGD,"Unemployment, total (% of total labor force) (modeled ILO estimate)",SL.UEM.TOTL.ZS,4.308000088,4.293000221
Bangladesh,BGD,"Population, total",SP.POP.TOTL,161356039,..
Bangladesh,BGD,Population in the largest city (% of urban population),EN.URB.LCTY.UR.ZS,33.12316361,..
Bangladesh,BGD,"Government expenditure on education, total (% of GDP)",SE.XPD.TOTL.GD.ZS,1.98602,..
Bangladesh,BGD,Population ages 65 and above (% of total population),SP.POP.65UP.TO.ZS,5.15839064,..
Barbados,BRB,GDP (current US$),NY.GDP.MKTP.CD,5145000000,..
Barbados,BRB,GDP (constant LCU),NY.GDP.MKTP.KN,9183000000,..
Barbados,BRB,"GDP, PPP (current international $)",NY.GDP.MKTP.PP.CD,5318374172,..
Barbados,BRB,"Unemployment, female (% of female labor force) (modeled ILO estimate)",SL.UEM.TOTL.FE.ZS,9.994000435,10.0170002
Barbados,BRB,"Unemployment, male (% of male labor force) (modeled ILO estimate)",SL.UEM.TOTL.MA.ZS,9.142999649,9.159999847
Barbados,BRB,"Unemployment, total (% of total labor force) (modeled ILO estimate)",SL.UEM.TOTL.ZS,9.56799984,9.588000298
Barbados,BRB,"Population, total",SP.POP.TOTL,286641,..
Barbados,BRB,Population in the largest city (% of urban population),EN.URB.LCTY.UR.ZS,..,..
Barbados,BRB,"Government expenditure on education, total (% of GDP)",SE.XPD.TOTL.GD.ZS,..,..
Barbados,BRB,Population ages 65 and above (% of total population),SP.POP.65UP.TO.ZS,15.80269396,..
Belarus,BLR,GDP (current US$),NY.GDP.MKTP.CD,59662495092,..
Belarus,BLR,GDP (constant LCU),NY.GDP.MKTP.KN,79810400000,..
Belarus,BLR,"GDP, PPP (current international $)",NY.GDP.MKTP.PP.CD,1.89658E+11,..
Belarus,BLR,"Unemployment, female (% of female labor force) (modeled ILO estimate)",SL.UEM.TOTL.FE.ZS,4.138999939,4.198999882
Belarus,BLR,"Unemployment, male (% of male labor force) (modeled ILO estimate)",SL.UEM.TOTL.MA.ZS,7.261000156,7.375
Belarus,BLR,"Unemployment, total (% of total labor force) (modeled ILO estimate)",SL.UEM.TOTL.ZS,5.708000183,5.795000076
Belarus,BLR,"Population, total",SP.POP.TOTL,9485386,..
Belarus,BLR,Population in the largest city (% of urban population),EN.URB.LCTY.UR.ZS,26.89016114,..
Belarus,BLR,"Government expenditure on education, total (% of GDP)",SE.XPD.TOTL.GD.ZS,..,..
Belarus,BLR,Population ages 65 and above (% of total population),SP.POP.65UP.TO.ZS,14.84514817,..
Belgium,BEL,GDP (current US$),NY.GDP.MKTP.CD,5.42761E+11,..
Belgium,BEL,GDP (constant LCU),NY.GDP.MKTP.KN,4.37597E+11,..
Belgium,BEL,"GDP, PPP (current international $)",NY.GDP.MKTP.PP.CD,5.87186E+11,..
Belgium,BEL,"Unemployment, female (% of female labor force) (modeled ILO estimate)",SL.UEM.TOTL.FE.ZS,6.394999981,6.56400013
Belgium,BEL,"Unemployment, male (% of male labor force) (modeled ILO estimate)",SL.UEM.TOTL.MA.ZS,6.262000084,6.336999893
Belgium,BEL,"Unemployment, total (% of total labor force) (modeled ILO estimate)",SL.UEM.TOTL.ZS,6.322999954,6.440999985
Belgium,BEL,"Population, total",SP.POP.TOTL,11422068,..
Belgium,BEL,Population in the largest city (% of urban population),EN.URB.LCTY.UR.ZS,18.30942846,..
Belgium,BEL,"Government expenditure on education, total (% of GDP)",SE.XPD.TOTL.GD.ZS,..,..
Belgium,BEL,Population ages 65 and above (% of total population),SP.POP.65UP.TO.ZS,18.78874374,..
Belize,BLZ,GDP (current US$),NY.GDP.MKTP.CD,1871203164,..
Belize,BLZ,GDP (constant LCU),NY.GDP.MKTP.KN,2894730930,..
Belize,BLZ,"GDP, PPP (current international $)",NY.GDP.MKTP.PP.CD,3312832025,..
Belize,BLZ,"Unemployment, female (% of female labor force) (modeled ILO estimate)",SL.UEM.TOTL.FE.ZS,15.32900047,15.39599991
Belize,BLZ,"Unemployment, male (% of male labor force) (modeled ILO estimate)",SL.UEM.TOTL.MA.ZS,5.362999916,5.504000187
Belize,BLZ,"Unemployment, total (% of total labor force) (modeled ILO estimate)",SL.UEM.TOTL.ZS,9.368000031,9.496999741
Belize,BLZ,"Population, total",SP.POP.TOTL,383071,..
Belize,BLZ,Population in the largest city (% of urban population),EN.URB.LCTY.UR.ZS,..,..
Belize,BLZ,"Government expenditure on education, total (% of GDP)",SE.XPD.TOTL.GD.ZS,..,..
Belize,BLZ,Population ages 65 and above (% of total population),SP.POP.65UP.TO.ZS,4.736458777,..
Benin,BEN,GDP (current US$),NY.GDP.MKTP.CD,10354274635,..
Benin,BEN,GDP (constant LCU),NY.GDP.MKTP.KN,4.63096E+12,..
Benin,BEN,"GDP, PPP (current international $)",NY.GDP.MKTP.PP.CD,27848437266,..
Benin,BEN,"Unemployment, female (% of female labor force) (modeled ILO estimate)",SL.UEM.TOTL.FE.ZS,2.232000113,2.101000071
Benin,BEN,"Unemployment, male (% of male labor force) (modeled ILO estimate)",SL.UEM.TOTL.MA.ZS,2.020999908,1.952000022
Benin,BEN,"Unemployment, total (% of total labor force) (modeled ILO estimate)",SL.UEM.TOTL.ZS,2.125,2.025000095
Benin,BEN,"Population, total",SP.POP.TOTL,11485048,..
Benin,BEN,Population in the largest city (% of urban population),EN.URB.LCTY.UR.ZS,17.06989539,..
Benin,BEN,"Government expenditure on education, total (% of GDP)",SE.XPD.TOTL.GD.ZS,4.03814,..
Benin,BEN,Population ages 65 and above (% of total population),SP.POP.65UP.TO.ZS,3.253605297,..
Bermuda,BMU,GDP (current US$),NY.GDP.MKTP.CD,..,..
Bermuda,BMU,GDP (constant LCU),NY.GDP.MKTP.KN,..,..
Bermuda,BMU,"GDP, PPP (current international $)",NY.GDP.MKTP.PP.CD,..,..
Bermuda,BMU,"Unemployment, female (% of female labor force) (modeled ILO estimate)",SL.UEM.TOTL.FE.ZS,..,..
Bermuda,BMU,"Unemployment, male (% of male labor force) (modeled ILO estimate)",SL.UEM.TOTL.MA.ZS,..,..
Bermuda,BMU,"Unemployment, total (% of total labor force) (modeled ILO estimate)",SL.UEM.TOTL.ZS,..,..
Bermuda,BMU,"Population, total",SP.POP.TOTL,63968,..
Bermuda,BMU,Population in the largest city (% of urban population),EN.URB.LCTY.UR.ZS,..,..
Bermuda,BMU,"Government expenditure on education, total (% of GDP)",SE.XPD.TOTL.GD.ZS,..,..
Bermuda,BMU,Population ages 65 and above (% of total population),SP.POP.65UP.TO.ZS,..,..
Bhutan,BTN,GDP (current US$),NY.GDP.MKTP.CD,2446674101,..
Bhutan,BTN,GDP (constant LCU),NY.GDP.MKTP.KN,68015792468,..
Bhutan,BTN,"GDP, PPP (current international $)",NY.GDP.MKTP.PP.CD,7670628445,..
Bhutan,BTN,"Unemployment, female (% of female labor force) (modeled ILO estimate)",SL.UEM.TOTL.FE.ZS,3.019999981,2.897000074
Bhutan,BTN,"Unemployment, male (% of male labor force) (modeled ILO estimate)",SL.UEM.TOTL.MA.ZS,1.646000028,1.707999945
Bhutan,BTN,"Unemployment, total (% of total labor force) (modeled ILO estimate)",SL.UEM.TOTL.ZS,2.197000027,2.187000036
Bhutan,BTN,"Population, total",SP.POP.TOTL,754394,..
Bhutan,BTN,Population in the largest city (% of urban population),EN.URB.LCTY.UR.ZS,..,..
Bhutan,BTN,"Government expenditure on education, total (% of GDP)",SE.XPD.TOTL.GD.ZS,6.64043,..
Bhutan,BTN,Population ages 65 and above (% of total population),SP.POP.65UP.TO.ZS,6.003011713,..
Bolivia,BOL,GDP (current US$),NY.GDP.MKTP.CD,40287647757,..
Bolivia,BOL,GDP (constant LCU),NY.GDP.MKTP.KN,48188731000,..
Bolivia,BOL,"GDP, PPP (current international $)",NY.GDP.MKTP.PP.CD,89385174346,..
Bolivia,BOL,"Unemployment, female (% of female labor force) (modeled ILO estimate)",SL.UEM.TOTL.FE.ZS,3.984999895,3.961999893
Bolivia,BOL,"Unemployment, male (% of male labor force) (modeled ILO estimate)",SL.UEM.TOTL.MA.ZS,2.732000113,2.762000084
Bolivia,BOL,"Unemployment, total (% of total labor force) (modeled ILO estimate)",SL.UEM.TOTL.ZS,3.257999897,3.266000032
Bolivia,BOL,"Population, total",SP.POP.TOTL,11353142,..
Bolivia,BOL,Population in the largest city (% of urban population),EN.URB.LCTY.UR.ZS,23.01580364,..
Bolivia,BOL,"Government expenditure on education, total (% of GDP)",SE.XPD.TOTL.GD.ZS,..,..
Bolivia,BOL,Population ages 65 and above (% of total population),SP.POP.65UP.TO.ZS,7.191947392,..
Bosnia and Herzegovina,BIH,GDP (current US$),NY.GDP.MKTP.CD,20161865419,..
Bosnia and Herzegovina,BIH,GDP (constant LCU),NY.GDP.MKTP.KN,31207030720,..
Bosnia and Herzegovina,BIH,"GDP, PPP (current international $)",NY.GDP.MKTP.PP.CD,48608054272,..
Bosnia and Herzegovina,BIH,"Unemployment, female (% of female labor force) (modeled ILO estimate)",SL.UEM.TOTL.FE.ZS,23.91600037,24.29400063
Bosnia and Herzegovina,BIH,"Unemployment, male (% of male labor force) (modeled ILO estimate)",SL.UEM.TOTL.MA.ZS,18.86899948,19.25099945
Bosnia and Herzegovina,BIH,"Unemployment, total (% of total labor force) (modeled ILO estimate)",SL.UEM.TOTL.ZS,20.8390007,21.21800041
Bosnia and Herzegovina,BIH,"Population, total",SP.POP.TOTL,3323929,..
Bosnia and Herzegovina,BIH,Population in the largest city (% of urban population),EN.URB.LCTY.UR.ZS,21.36259611,..
Bosnia and Herzegovina,BIH,"Government expenditure on education, total (% of GDP)",SE.XPD.TOTL.GD.ZS,..,..
Bosnia and Herzegovina,BIH,Population ages 65 and above (% of total population),SP.POP.65UP.TO.ZS,16.47031747,..
Botswana,BWA,GDP (current US$),NY.GDP.MKTP.CD,18616018903,..
Botswana,BWA,GDP (constant LCU),NY.GDP.MKTP.KN,96512986300,..
Botswana,BWA,"GDP, PPP (current international $)",NY.GDP.MKTP.PP.CD,41962343770,..
Botswana,BWA,"Unemployment, female (% of female labor force) (modeled ILO estimate)",SL.UEM.TOTL.FE.ZS,21.53000069,21.78899956
Botswana,BWA,"Unemployment, male (% of male labor force) (modeled ILO estimate)",SL.UEM.TOTL.MA.ZS,14.79500008,15.0340004
Botswana,BWA,"Unemployment, total (% of total labor force) (modeled ILO estimate)",SL.UEM.TOTL.ZS,17.94099998,18.19199944
Botswana,BWA,"Population, total",SP.POP.TOTL,2254126,..
Botswana,BWA,Population in the largest city (% of urban population),EN.URB.LCTY.UR.ZS,..,..
Botswana,BWA,"Government expenditure on education, total (% of GDP)",SE.XPD.TOTL.GD.ZS,..,..
Botswana,BWA,Population ages 65 and above (% of total population),SP.POP.65UP.TO.ZS,4.223874346,..
Brazil,BRA,GDP (current US$),NY.GDP.MKTP.CD,1.86863E+12,..
Brazil,BRA,GDP (constant LCU),NY.GDP.MKTP.KN,4.06315E+12,..
Brazil,BRA,"GDP, PPP (current international $)",NY.GDP.MKTP.PP.CD,3.3717E+12,..
Brazil,BRA,"Unemployment, female (% of female labor force) (modeled ILO estimate)",SL.UEM.TOTL.FE.ZS,14.41899967,14.42199993
Brazil,BRA,"Unemployment, male (% of male labor force) (modeled ILO estimate)",SL.UEM.TOTL.MA.ZS,11.10599995,10.52499962
Brazil,BRA,"Unemployment, total (% of total labor force) (modeled ILO estimate)",SL.UEM.TOTL.ZS,12.54399967,12.21800041
Brazil,BRA,"Population, total",SP.POP.TOTL,209469333,..
Brazil,BRA,Population in the largest city (% of urban population),EN.URB.LCTY.UR.ZS,11.93929493,..
Brazil,BRA,"Government expenditure on education, total (% of GDP)",SE.XPD.TOTL.GD.ZS,..,..
Brazil,BRA,Population ages 65 and above (% of total population),SP.POP.65UP.TO.ZS,8.922837832,..
British Virgin Islands,VGB,GDP (current US$),NY.GDP.MKTP.CD,..,..
British Virgin Islands,VGB,GDP (constant LCU),NY.GDP.MKTP.KN,..,..
British Virgin Islands,VGB,"GDP, PPP (current international $)",NY.GDP.MKTP.PP.CD,..,..
British Virgin Islands,VGB,"Unemployment, female (% of female labor force) (modeled ILO estimate)",SL.UEM.TOTL.FE.ZS,..,..
British Virgin Islands,VGB,"Unemployment, male (% of male labor force) (modeled ILO estimate)",SL.UEM.TOTL.MA.ZS,..,..
British Virgin Islands,VGB,"Unemployment, total (% of total labor force) (modeled ILO estimate)",SL.UEM.TOTL.ZS,..,..
British Virgin Islands,VGB,"Population, total",SP.POP.TOTL,29802,..
British Virgin Islands,VGB,Population in the largest city (% of urban population),EN.URB.LCTY.UR.ZS,..,..
British Virgin Islands,VGB,"Government expenditure on education, total (% of GDP)",SE.XPD.TOTL.GD.ZS,..,..
British Virgin Islands,VGB,Population ages 65 and above (% of total population),SP.POP.65UP.TO.ZS,..,..
Brunei Darussalam,BRN,GDP (current US$),NY.GDP.MKTP.CD,13567351175,..
Brunei Darussalam,BRN,GDP (constant LCU),NY.GDP.MKTP.KN,18387100000,..
Brunei Darussalam,BRN,"GDP, PPP (current international $)",NY.GDP.MKTP.PP.CD,34711625924,..
Brunei Darussalam,BRN,"Unemployment, female (% of female labor force) (modeled ILO estimate)",SL.UEM.TOTL.FE.ZS,10.10599995,9.954999924
Brunei Darussalam,BRN,"Unemployment, male (% of male labor force) (modeled ILO estimate)",SL.UEM.TOTL.MA.ZS,8.548999786,8.699999809
Brunei Darussalam,BRN,"Unemployment, total (% of total labor force) (modeled ILO estimate)",SL.UEM.TOTL.ZS,9.223999977,9.244999886
Brunei Darussalam,BRN,"Population, total",SP.POP.TOTL,428962,..
Brunei Darussalam,BRN,Population in the largest city (% of urban population),EN.URB.LCTY.UR.ZS,..,..
Brunei Darussalam,BRN,"Government expenditure on education, total (% of GDP)",SE.XPD.TOTL.GD.ZS,..,..
Brunei Darussalam,BRN,Population ages 65 and above (% of total population),SP.POP.65UP.TO.ZS,4.873147568,..
Bulgaria,BGR,GDP (current US$),NY.GDP.MKTP.CD,65132951116,..
Bulgaria,BGR,GDP (constant LCU),NY.GDP.MKTP.KN,89777400000,..
Bulgaria,BGR,"GDP, PPP (current international $)",NY.GDP.MKTP.PP.CD,1.54254E+11,..
Bulgaria,BGR,"Unemployment, female (% of female labor force) (modeled ILO estimate)",SL.UEM.TOTL.FE.ZS,4.756999969,4.479000092
Bulgaria,BGR,"Unemployment, male (% of male labor force) (modeled ILO estimate)",SL.UEM.TOTL.MA.ZS,5.697999954,5.112999916
Bulgaria,BGR,"Unemployment, total (% of total labor force) (modeled ILO estimate)",SL.UEM.TOTL.ZS,5.261000156,4.818999767
Bulgaria,BGR,"Population, total",SP.POP.TOTL,7024216,..
Bulgaria,BGR,Population in the largest city (% of urban population),EN.URB.LCTY.UR.ZS,24.1504015,..
Bulgaria,BGR,"Government expenditure on education, total (% of GDP)",SE.XPD.TOTL.GD.ZS,..,..
Bulgaria,BGR,Population ages 65 and above (% of total population),SP.POP.65UP.TO.ZS,21.02191443,..
Burkina Faso,BFA,GDP (current US$),NY.GDP.MKTP.CD,14124775069,..
Burkina Faso,BFA,GDP (constant LCU),NY.GDP.MKTP.KN,5.26668E+12,..
Burkina Faso,BFA,"GDP, PPP (current international $)",NY.GDP.MKTP.PP.CD,39204511840,..
Burkina Faso,BFA,"Unemployment, female (% of female labor force) (modeled ILO estimate)",SL.UEM.TOTL.FE.ZS,8.81799984,8.951999664
Burkina Faso,BFA,"Unemployment, male (% of male labor force) (modeled ILO estimate)",SL.UEM.TOTL.MA.ZS,3.832999945,3.895999908
Burkina Faso,BFA,"Unemployment, total (% of total labor force) (modeled ILO estimate)",SL.UEM.TOTL.ZS,6.059000015,6.149000168
Burkina Faso,BFA,"Population, total",SP.POP.TOTL,19751535,..
Burkina Faso,BFA,Population in the largest city (% of urban population),EN.URB.LCTY.UR.ZS,43.65461583,..
Burkina Faso,BFA,"Government expenditure on education, total (% of GDP)",SE.XPD.TOTL.GD.ZS,6.03609,..
Burkina Faso,BFA,Population ages 65 and above (% of total population),SP.POP.65UP.TO.ZS,2.406980829,..
Burundi,BDI,GDP (current US$),NY.GDP.MKTP.CD,3036931818,..
Burundi,BDI,GDP (constant LCU),NY.GDP.MKTP.KN,1.74803E+12,..
Burundi,BDI,"GDP, PPP (current international $)",NY.GDP.MKTP.PP.CD,8316515956,..
Burundi,BDI,"Unemployment, female (% of female labor force) (modeled ILO estimate)",SL.UEM.TOTL.FE.ZS,1.072999954,1.06400001
Burundi,BDI,"Unemployment, male (% of male labor force) (modeled ILO estimate)",SL.UEM.TOTL.MA.ZS,2.028000116,2.058000088
Burundi,BDI,"Unemployment, total (% of total labor force) (modeled ILO estimate)",SL.UEM.TOTL.ZS,1.527999997,1.537999988
Burundi,BDI,"Population, total",SP.POP.TOTL,11175378,..
Burundi,BDI,Population in the largest city (% of urban population),EN.URB.LCTY.UR.ZS,61.72640975,..
Burundi,BDI,"Government expenditure on education, total (% of GDP)",SE.XPD.TOTL.GD.ZS,5.01084,..
Burundi,BDI,Population ages 65 and above (% of total population),SP.POP.65UP.TO.ZS,2.24694046,..
Cabo Verde,CPV,GDP (current US$),NY.GDP.MKTP.CD,1976814277,..
Cabo Verde,CPV,GDP (constant LCU),NY.GDP.MKTP.KN,1.60072E+11,..
Cabo Verde,CPV,"GDP, PPP (current international $)",NY.GDP.MKTP.PP.CD,4053273974,..
Cabo Verde,CPV,"Unemployment, female (% of female labor force) (modeled ILO estimate)",SL.UEM.TOTL.FE.ZS,12.78899956,12.81900024
Cabo Verde,CPV,"Unemployment, male (% of male labor force) (modeled ILO estimate)",SL.UEM.TOTL.MA.ZS,11.81200027,11.83500004
Cabo Verde,CPV,"Unemployment, total (% of total labor force) (modeled ILO estimate)",SL.UEM.TOTL.ZS,12.27600002,12.30300045
Cabo Verde,CPV,"Population, total",SP.POP.TOTL,543767,..
Cabo Verde,CPV,Population in the largest city (% of urban population),EN.URB.LCTY.UR.ZS,..,..
Cabo Verde,CPV,"Government expenditure on education, total (% of GDP)",SE.XPD.TOTL.GD.ZS,..,..
Cabo Verde,CPV,Population ages 65 and above (% of total population),SP.POP.65UP.TO.ZS,4.609327157,..
Cambodia,KHM,GDP (current US$),NY.GDP.MKTP.CD,24542474061,..
Cambodia,KHM,GDP (constant LCU),NY.GDP.MKTP.KN,5.29562E+13,..
Cambodia,KHM,"GDP, PPP (current international $)",NY.GDP.MKTP.PP.CD,70863003180,..
Cambodia,KHM,"Unemployment, female (% of female labor force) (modeled ILO estimate)",SL.UEM.TOTL.FE.ZS,0.935000002,0.899999976
Cambodia,KHM,"Unemployment, male (% of male labor force) (modeled ILO estimate)",SL.UEM.TOTL.MA.ZS,1.154999971,1.131000042
Cambodia,KHM,"Unemployment, total (% of total labor force) (modeled ILO estimate)",SL.UEM.TOTL.ZS,1.047999978,1.019999981
Cambodia,KHM,"Population, total",SP.POP.TOTL,16249798,..
Cambodia,KHM,Population in the largest city (% of urban population),EN.URB.LCTY.UR.ZS,51.37027914,..
Cambodia,KHM,"Government expenditure on education, total (% of GDP)",SE.XPD.TOTL.GD.ZS,2.16286,..
Cambodia,KHM,Population ages 65 and above (% of total population),SP.POP.65UP.TO.ZS,4.568680018,..
Cameroon,CMR,GDP (current US$),NY.GDP.MKTP.CD,38675205293,..
Cameroon,CMR,GDP (constant LCU),NY.GDP.MKTP.KN,1.62639E+13,..
Cameroon,CMR,"GDP, PPP (current international $)",NY.GDP.MKTP.PP.CD,95445473796,..
Cameroon,CMR,"Unemployment, female (% of female labor force) (modeled ILO estimate)",SL.UEM.TOTL.FE.ZS,3.848999977,3.859999895
Cameroon,CMR,"Unemployment, male (% of male labor force) (modeled ILO estimate)",SL.UEM.TOTL.MA.ZS,2.928999901,2.881000042
Cameroon,CMR,"Unemployment, total (% of total labor force) (modeled ILO estimate)",SL.UEM.TOTL.ZS,3.361000061,3.339999914
Cameroon,CMR,"Population, total",SP.POP.TOTL,25216237,..
Cameroon,CMR,Population in the largest city (% of urban population),EN.URB.LCTY.UR.ZS,25.71616516,..
Cameroon,CMR,"Government expenditure on education, total (% of GDP)",SE.XPD.TOTL.GD.ZS,3.14529,..
Cameroon,CMR,Population ages 65 and above (% of total population),SP.POP.65UP.TO.ZS,2.728877355,..
Canada,CAN,GDP (current US$),NY.GDP.MKTP.CD,1.71334E+12,..
Canada,CAN,GDP (constant LCU),NY.GDP.MKTP.KN,2.10684E+12,..
Canada,CAN,"GDP, PPP (current international $)",NY.GDP.MKTP.PP.CD,1.78365E+12,..
Canada,CAN,"Unemployment, female (% of female labor force) (modeled ILO estimate)",SL.UEM.TOTL.FE.ZS,5.679999828,5.71600008
Canada,CAN,"Unemployment, male (% of male labor force) (modeled ILO estimate)",SL.UEM.TOTL.MA.ZS,6.135000229,6.361999989
Canada,CAN,"Unemployment, total (% of total labor force) (modeled ILO estimate)",SL.UEM.TOTL.ZS,5.920000076,6.05700016
Canada,CAN,"Population, total",SP.POP.TOTL,37058856,..
Canada,CAN,Population in the largest city (% of urban population),EN.URB.LCTY.UR.ZS,20.16051715,..
Canada,CAN,"Government expenditure on education, total (% of GDP)",SE.XPD.TOTL.GD.ZS,..,..
Canada,CAN,Population ages 65 and above (% of total population),SP.POP.65UP.TO.ZS,17.23200668,..
Cayman Islands,CYM,GDP (current US$),NY.GDP.MKTP.CD,..,..
Cayman Islands,CYM,GDP (constant LCU),NY.GDP.MKTP.KN,..,..
Cayman Islands,CYM,"GDP, PPP (current international $)",NY.GDP.MKTP.PP.CD,..,..
Cayman Islands,CYM,"Unemployment, female (% of female labor force) (modeled ILO estimate)",SL.UEM.TOTL.FE.ZS,..,..
Cayman Islands,CYM,"Unemployment, male (% of male labor force) (modeled ILO estimate)",SL.UEM.TOTL.MA.ZS,..,..
Cayman Islands,CYM,"Unemployment, total (% of total labor force) (modeled ILO estimate)",SL.UEM.TOTL.ZS,..,..
Cayman Islands,CYM,"Population, total",SP.POP.TOTL,64174,..
Cayman Islands,CYM,Population in the largest city (% of urban population),EN.URB.LCTY.UR.ZS,..,..
Cayman Islands,CYM,"Government expenditure on education, total (% of GDP)",SE.XPD.TOTL.GD.ZS,..,..
Cayman Islands,CYM,Population ages 65 and above (% of total population),SP.POP.65UP.TO.ZS,..,..
Central African Republic,CAF,GDP (current US$),NY.GDP.MKTP.CD,2219894702,..
Central African Republic,CAF,GDP (constant LCU),NY.GDP.MKTP.KN,7.40656E+11,..
Central African Republic,CAF,"GDP, PPP (current international $)",NY.GDP.MKTP.PP.CD,4012783797,..
Central African Republic,CAF,"Unemployment, female (% of female labor force) (modeled ILO estimate)",SL.UEM.TOTL.FE.ZS,7.139999866,7.171999931
Central African Republic,CAF,"Unemployment, male (% of male labor force) (modeled ILO estimate)",SL.UEM.TOTL.MA.ZS,5.926000118,5.97300005
Central African Republic,CAF,"Unemployment, total (% of total labor force) (modeled ILO estimate)",SL.UEM.TOTL.ZS,6.482999802,6.521999836
Central African Republic,CAF,"Population, total",SP.POP.TOTL,4666377,..
Central African Republic,CAF,Population in the largest city (% of urban population),EN.URB.LCTY.UR.ZS,44.08589783,..
Central African Republic,CAF,"Government expenditure on education, total (% of GDP)",SE.XPD.TOTL.GD.ZS,..,..
Central African Republic,CAF,Population ages 65 and above (% of total population),SP.POP.65UP.TO.ZS,2.825773707,..
Chad,TCD,GDP (current US$),NY.GDP.MKTP.CD,11273115239,..
Chad,TCD,GDP (constant LCU),NY.GDP.MKTP.KN,5.24919E+12,..
Chad,TCD,"GDP, PPP (current international $)",NY.GDP.MKTP.PP.CD,30464211277,..
Chad,TCD,"Unemployment, female (% of female labor force) (modeled ILO estimate)",SL.UEM.TOTL.FE.ZS,2.60800004,2.789000034
Chad,TCD,"Unemployment, male (% of male labor force) (modeled ILO estimate)",SL.UEM.TOTL.MA.ZS,1.911000013,1.922999978
Chad,TCD,"Unemployment, total (% of total labor force) (modeled ILO estimate)",SL.UEM.TOTL.ZS,2.229000092,2.319000006
Chad,TCD,"Population, total",SP.POP.TOTL,15477751,..
Chad,TCD,Population in the largest city (% of urban population),EN.URB.LCTY.UR.ZS,37.06005719,..
Chad,TCD,"Government expenditure on education, total (% of GDP)",SE.XPD.TOTL.GD.ZS,2.24185,..
Chad,TCD,Population ages 65 and above (% of total population),SP.POP.65UP.TO.ZS,2.480518944,..
Channel Islands,CHI,GDP (current US$),NY.GDP.MKTP.CD,..,..
Channel Islands,CHI,GDP (constant LCU),NY.GDP.MKTP.KN,..,..
Channel Islands,CHI,"GDP, PPP (current international $)",NY.GDP.MKTP.PP.CD,..,..
Channel Islands,CHI,"Unemployment, female (% of female labor force) (modeled ILO estimate)",SL.UEM.TOTL.FE.ZS,7.706999779,7.652999878
Channel Islands,CHI,"Unemployment, male (% of male labor force) (modeled ILO estimate)",SL.UEM.TOTL.MA.ZS,6.961999893,6.906000137
Channel Islands,CHI,"Unemployment, total (% of total labor force) (modeled ILO estimate)",SL.UEM.TOTL.ZS,7.288000107,7.232999802
Channel Islands,CHI,"Population, total",SP.POP.TOTL,170499,..
Channel Islands,CHI,Population in the largest city (% of urban population),EN.URB.LCTY.UR.ZS,..,..
Channel Islands,CHI,"Government expenditure on education, total (% of GDP)",SE.XPD.TOTL.GD.ZS,..,..
Channel Islands,CHI,Population ages 65 and above (% of total population),SP.POP.65UP.TO.ZS,17.29746216,..
Chile,CHL,GDP (current US$),NY.GDP.MKTP.CD,2.98231E+11,..
Chile,CHL,GDP (constant LCU),NY.GDP.MKTP.KN,1.53758E+14,..
Chile,CHL,"GDP, PPP (current international $)",NY.GDP.MKTP.PP.CD,4.72397E+11,..
Chile,CHL,"Unemployment, female (% of female labor force) (modeled ILO estimate)",SL.UEM.TOTL.FE.ZS,7.861000061,8.293000221
Chile,CHL,"Unemployment, male (% of male labor force) (modeled ILO estimate)",SL.UEM.TOTL.MA.ZS,6.769999981,6.818999767
Chile,CHL,"Unemployment, total (% of total labor force) (modeled ILO estimate)",SL.UEM.TOTL.ZS,7.22300005,7.43200016
Chile,CHL,"Population, total",SP.POP.TOTL,18729160,..
Chile,CHL,Population in the largest city (% of urban population),EN.URB.LCTY.UR.ZS,40.73396454,..
Chile,CHL,"Government expenditure on education, total (% of GDP)",SE.XPD.TOTL.GD.ZS,..,..
Chile,CHL,Population ages 65 and above (% of total population),SP.POP.65UP.TO.ZS,11.52980166,..
China,CHN,GDP (current US$),NY.GDP.MKTP.CD,1.36082E+13,..
China,CHN,GDP (constant LCU),NY.GDP.MKTP.KN,8.33014E+13,..
China,CHN,"GDP, PPP (current international $)",NY.GDP.MKTP.PP.CD,2.53987E+13,..
China,CHN,"Unemployment, female (% of female labor force) (modeled ILO estimate)",SL.UEM.TOTL.FE.ZS,3.819999933,3.815999985
China,CHN,"Unemployment, male (% of male labor force) (modeled ILO estimate)",SL.UEM.TOTL.MA.ZS,4.877999783,4.892000198
China,CHN,"Unemployment, total (% of total labor force) (modeled ILO estimate)",SL.UEM.TOTL.ZS,4.416999817,4.423999786
China,CHN,"Population, total",SP.POP.TOTL,1392730000,..
China,CHN,Population in the largest city (% of urban population),EN.URB.LCTY.UR.ZS,3.105277906,..
China,CHN,"Government expenditure on education, total (% of GDP)",SE.XPD.TOTL.GD.ZS,..,..
China,CHN,Population ages 65 and above (% of total population),SP.POP.65UP.TO.ZS,10.92088354,..
Colombia,COL,GDP (current US$),NY.GDP.MKTP.CD,3.31047E+11,..
Colombia,COL,GDP (constant LCU),NY.GDP.MKTP.KN,8.53981E+14,..
Colombia,COL,"GDP, PPP (current international $)",NY.GDP.MKTP.PP.CD,7.45372E+11,..
Colombia,COL,"Unemployment, female (% of female labor force) (modeled ILO estimate)",SL.UEM.TOTL.FE.ZS,11.75,11.96399975
Colombia,COL,"Unemployment, male (% of male labor force) (modeled ILO estimate)",SL.UEM.TOTL.MA.ZS,7.089000225,7.090000153
Colombia,COL,"Unemployment, total (% of total labor force) (modeled ILO estimate)",SL.UEM.TOTL.ZS,9.093000412,9.187999725
Colombia,COL,"Population, total",SP.POP.TOTL,49648685,..
Colombia,COL,Population in the largest city (% of urban population),EN.URB.LCTY.UR.ZS,26.36666827,..
Colombia,COL,"Government expenditure on education, total (% of GDP)",SE.XPD.TOTL.GD.ZS,4.50259,..
Colombia,COL,Population ages 65 and above (% of total population),SP.POP.65UP.TO.ZS,8.47804702,..
Comoros,COM,GDP (current US$),NY.GDP.MKTP.CD,1177955049,..
Comoros,COM,GDP (constant LCU),NY.GDP.MKTP.KN,4.09169E+11,..
Comoros,COM,"GDP, PPP (current international $)",NY.GDP.MKTP.PP.CD,2424876349,..
Comoros,COM,"Unemployment, female (% of female labor force) (modeled ILO estimate)",SL.UEM.TOTL.FE.ZS,4.065999985,4.054999828
Comoros,COM,"Unemployment, male (% of male labor force) (modeled ILO estimate)",SL.UEM.TOTL.MA.ZS,3.448999882,3.443000078
Comoros,COM,"Unemployment, total (% of total labor force) (modeled ILO estimate)",SL.UEM.TOTL.ZS,3.710000038,3.703000069
Comoros,COM,"Population, total",SP.POP.TOTL,832322,..
Comoros,COM,Population in the largest city (% of urban population),EN.URB.LCTY.UR.ZS,..,..
Comoros,COM,"Government expenditure on education, total (% of GDP)",SE.XPD.TOTL.GD.ZS,..,..
Comoros,COM,Population ages 65 and above (% of total population),SP.POP.65UP.TO.ZS,3.007009306,..
"Congo, Dem. Rep.",COD,GDP (current US$),NY.GDP.MKTP.CD,47227535291,..
"Congo, Dem. Rep.",COD,GDP (constant LCU),NY.GDP.MKTP.KN,1.21216E+13,..
"Congo, Dem. Rep.",COD,"GDP, PPP (current international $)",NY.GDP.MKTP.PP.CD,78365921094,..
"Congo, Dem. Rep.",COD,"Unemployment, female (% of female labor force) (modeled ILO estimate)",SL.UEM.TOTL.FE.ZS,3.289999962,3.378000021
"Congo, Dem. Rep.",COD,"Unemployment, male (% of male labor force) (modeled ILO estimate)",SL.UEM.TOTL.MA.ZS,4.964000225,5.106999874
"Congo, Dem. Rep.",COD,"Unemployment, total (% of total labor force) (modeled ILO estimate)",SL.UEM.TOTL.ZS,4.15500021,4.271999836
"Congo, Dem. Rep.",COD,"Population, total",SP.POP.TOTL,84068091,..
"Congo, Dem. Rep.",COD,Population in the largest city (% of urban population),EN.URB.LCTY.UR.ZS,35.23924133,..
"Congo, Dem. Rep.",COD,"Government expenditure on education, total (% of GDP)",SE.XPD.TOTL.GD.ZS,..,..
"Congo, Dem. Rep.",COD,Population ages 65 and above (% of total population),SP.POP.65UP.TO.ZS,3.017840622,..
"Congo, Rep.",COG,GDP (current US$),NY.GDP.MKTP.CD,11263682694,..
"Congo, Rep.",COG,GDP (constant LCU),NY.GDP.MKTP.KN,1.60042E+12,..
"Congo, Rep.",COG,"GDP, PPP (current international $)",NY.GDP.MKTP.PP.CD,29693915857,..
"Congo, Rep.",COG,"Unemployment, female (% of female labor force) (modeled ILO estimate)",SL.UEM.TOTL.FE.ZS,11.06700039,10.9989996
"Congo, Rep.",COG,"Unemployment, male (% of male labor force) (modeled ILO estimate)",SL.UEM.TOTL.MA.ZS,9.736000061,9.81000042
"Congo, Rep.",COG,"Unemployment, total (% of total labor force) (modeled ILO estimate)",SL.UEM.TOTL.ZS,10.38199997,10.38700008
"Congo, Rep.",COG,"Population, total",SP.POP.TOTL,5244363,..
"Congo, Rep.",COG,Population in the largest city (% of urban population),EN.URB.LCTY.UR.ZS,63.53636234,..
"Congo, Rep.",COG,"Government expenditure on education, total (% of GDP)",SE.XPD.TOTL.GD.ZS,3.63639,..
"Congo, Rep.",COG,Population ages 65 and above (% of total population),SP.POP.65UP.TO.ZS,2.681719539,..
Costa Rica,CRI,GDP (current US$),NY.GDP.MKTP.CD,60130106116,..
Costa Rica,CRI,GDP (constant LCU),NY.GDP.MKTP.KN,2.83652E+13,..
Costa Rica,CRI,"GDP, PPP (current international $)",NY.GDP.MKTP.PP.CD,88345598621,..
Costa Rica,CRI,"Unemployment, female (% of female labor force) (modeled ILO estimate)",SL.UEM.TOTL.FE.ZS,10.31499958,10.39000034
Costa Rica,CRI,"Unemployment, male (% of male labor force) (modeled ILO estimate)",SL.UEM.TOTL.MA.ZS,6.774000168,6.818999767
Costa Rica,CRI,"Unemployment, total (% of total labor force) (modeled ILO estimate)",SL.UEM.TOTL.ZS,8.128000259,8.190999985
Costa Rica,CRI,"Population, total",SP.POP.TOTL,4999441,..
Costa Rica,CRI,Population in the largest city (% of urban population),EN.URB.LCTY.UR.ZS,34.22982053,..
Costa Rica,CRI,"Government expenditure on education, total (% of GDP)",SE.XPD.TOTL.GD.ZS,7.02824,..
Costa Rica,CRI,Population ages 65 and above (% of total population),SP.POP.65UP.TO.ZS,9.549847673,..
Cote d'Ivoire,CIV,GDP (current US$),NY.GDP.MKTP.CD,43007047822,..
Cote d'Ivoire,CIV,GDP (constant LCU),NY.GDP.MKTP.KN,1.99409E+13,..
Cote d'Ivoire,CIV,"GDP, PPP (current international $)",NY.GDP.MKTP.PP.CD,1.05468E+11,..
Cote d'Ivoire,CIV,"Unemployment, female (% of female labor force) (modeled ILO estimate)",SL.UEM.TOTL.FE.ZS,3.118000031,3.029999971
Cote d'Ivoire,CIV,"Unemployment, male (% of male labor force) (modeled ILO estimate)",SL.UEM.TOTL.MA.ZS,2.029000044,2.029000044
Cote d'Ivoire,CIV,"Unemployment, total (% of total labor force) (modeled ILO estimate)",SL.UEM.TOTL.ZS,2.480000019,2.444999933
Cote d'Ivoire,CIV,"Population, total",SP.POP.TOTL,25069229,..
Cote d'Ivoire,CIV,Population in the largest city (% of urban population),EN.URB.LCTY.UR.ZS,38.6552483,..
Cote d'Ivoire,CIV,"Government expenditure on education, total (% of GDP)",SE.XPD.TOTL.GD.ZS,4.36816,..
Cote d'Ivoire,CIV,Population ages 65 and above (% of total population),SP.POP.65UP.TO.ZS,2.858943015,..
Croatia,HRV,GDP (current US$),NY.GDP.MKTP.CD,60971699315,..
Croatia,HRV,GDP (constant LCU),NY.GDP.MKTP.KN,3.72103E+11,..
Croatia,HRV,"GDP, PPP (current international $)",NY.GDP.MKTP.PP.CD,1.12785E+11,..
Croatia,HRV,"Unemployment, female (% of female labor force) (modeled ILO estimate)",SL.UEM.TOTL.FE.ZS,10.02400017,8.626000404
Croatia,HRV,"Unemployment, male (% of male labor force) (modeled ILO estimate)",SL.UEM.TOTL.MA.ZS,7.837999821,7.028999805
Croatia,HRV,"Unemployment, total (% of total labor force) (modeled ILO estimate)",SL.UEM.TOTL.ZS,8.850000381,7.769000053
Croatia,HRV,"Population, total",SP.POP.TOTL,4089400,..
Croatia,HRV,Population in the largest city (% of urban population),EN.URB.LCTY.UR.ZS,29.43961051,..
Croatia,HRV,"Government expenditure on education, total (% of GDP)",SE.XPD.TOTL.GD.ZS,..,..
Croatia,HRV,Population ages 65 and above (% of total population),SP.POP.65UP.TO.ZS,20.44543301,..
Cuba,CUB,GDP (current US$),NY.GDP.MKTP.CD,1.00023E+11,..
Cuba,CUB,GDP (constant LCU),NY.GDP.MKTP.KN,57025000000,..
Cuba,CUB,"GDP, PPP (current international $)",NY.GDP.MKTP.PP.CD,..,..
Cuba,CUB,"Unemployment, female (% of female labor force) (modeled ILO estimate)",SL.UEM.TOTL.FE.ZS,2.53399992,2.559000015
Cuba,CUB,"Unemployment, male (% of male labor force) (modeled ILO estimate)",SL.UEM.TOTL.MA.ZS,2.101999998,2.068000078
Cuba,CUB,"Unemployment, total (% of total labor force) (modeled ILO estimate)",SL.UEM.TOTL.ZS,2.263999939,2.252000093
Cuba,CUB,"Population, total",SP.POP.TOTL,11338138,..
Cuba,CUB,Population in the largest city (% of urban population),EN.URB.LCTY.UR.ZS,24.45993565,..
Cuba,CUB,"Government expenditure on education, total (% of GDP)",SE.XPD.TOTL.GD.ZS,..,..
Cuba,CUB,Population ages 65 and above (% of total population),SP.POP.65UP.TO.ZS,15.18621142,..
Curacao,CUW,GDP (current US$),NY.GDP.MKTP.CD,3127908038,..
Curacao,CUW,GDP (constant LCU),NY.GDP.MKTP.KN,3815344162,..
Curacao,CUW,"GDP, PPP (current international $)",NY.GDP.MKTP.PP.CD,4434702005,..
Curacao,CUW,"Unemployment, female (% of female labor force) (modeled ILO estimate)",SL.UEM.TOTL.FE.ZS,..,..
Curacao,CUW,"Unemployment, male (% of male labor force) (modeled ILO estimate)",SL.UEM.TOTL.MA.ZS,..,..
Curacao,CUW,"Unemployment, total (% of total labor force) (modeled ILO estimate)",SL.UEM.TOTL.ZS,..,..
Curacao,CUW,"Population, total",SP.POP.TOTL,159849,..
Curacao,CUW,Population in the largest city (% of urban population),EN.URB.LCTY.UR.ZS,..,..
Curacao,CUW,"Government expenditure on education, total (% of GDP)",SE.XPD.TOTL.GD.ZS,..,..
Curacao,CUW,Population ages 65 and above (% of total population),SP.POP.65UP.TO.ZS,16.68489481,..
Cyprus,CYP,GDP (current US$),NY.GDP.MKTP.CD,24961988663,..
Cyprus,CYP,GDP (constant LCU),NY.GDP.MKTP.KN,20678449000,..
Cyprus,CYP,"GDP, PPP (current international $)",NY.GDP.MKTP.PP.CD,33509176477,..
Cyprus,CYP,"Unemployment, female (% of female labor force) (modeled ILO estimate)",SL.UEM.TOTL.FE.ZS,8.171999931,8.38599968
Cyprus,CYP,"Unemployment, male (% of male labor force) (modeled ILO estimate)",SL.UEM.TOTL.MA.ZS,8.055000305,7.511000156
Cyprus,CYP,"Unemployment, total (% of total labor force) (modeled ILO estimate)",SL.UEM.TOTL.ZS,8.109000206,7.916999817
Cyprus,CYP,"Population, total",SP.POP.TOTL,1189265,..
Cyprus,CYP,Population in the largest city (% of urban population),EN.URB.LCTY.UR.ZS,..,..
Cyprus,CYP,"Government expenditure on education, total (% of GDP)",SE.XPD.TOTL.GD.ZS,..,..
Cyprus,CYP,Population ages 65 and above (% of total population),SP.POP.65UP.TO.ZS,13.71906177,..
Czech Republic,CZE,GDP (current US$),NY.GDP.MKTP.CD,2.45226E+11,..
Czech Republic,CZE,GDP (constant LCU),NY.GDP.MKTP.KN,5.05867E+12,..
Czech Republic,CZE,"GDP, PPP (current international $)",NY.GDP.MKTP.PP.CD,4.22303E+11,..
Czech Republic,CZE,"Unemployment, female (% of female labor force) (modeled ILO estimate)",SL.UEM.TOTL.FE.ZS,2.930999994,3.039000034
Czech Republic,CZE,"Unemployment, male (% of male labor force) (modeled ILO estimate)",SL.UEM.TOTL.MA.ZS,1.967000008,2.017999887
Czech Republic,CZE,"Unemployment, total (% of total labor force) (modeled ILO estimate)",SL.UEM.TOTL.ZS,2.397000074,2.473999977
Czech Republic,CZE,"Population, total",SP.POP.TOTL,10625695,..
Czech Republic,CZE,Population in the largest city (% of urban population),EN.URB.LCTY.UR.ZS,16.47195932,..
Czech Republic,CZE,"Government expenditure on education, total (% of GDP)",SE.XPD.TOTL.GD.ZS,..,..
Czech Republic,CZE,Population ages 65 and above (% of total population),SP.POP.65UP.TO.ZS,19.42087689,..
Denmark,DNK,GDP (current US$),NY.GDP.MKTP.CD,3.55675E+11,..
Denmark,DNK,GDP (constant LCU),NY.GDP.MKTP.KN,2.19657E+12,..
Denmark,DNK,"GDP, PPP (current international $)",NY.GDP.MKTP.PP.CD,3.22751E+11,..
Denmark,DNK,"Unemployment, female (% of female labor force) (modeled ILO estimate)",SL.UEM.TOTL.FE.ZS,5.15199995,5.112999916
Denmark,DNK,"Unemployment, male (% of male labor force) (modeled ILO estimate)",SL.UEM.TOTL.MA.ZS,4.815999985,4.577000141
Denmark,DNK,"Unemployment, total (% of total labor force) (modeled ILO estimate)",SL.UEM.TOTL.ZS,4.974999905,4.830999851
Denmark,DNK,"Population, total",SP.POP.TOTL,5797446,..
Denmark,DNK,Population in the largest city (% of urban population),EN.URB.LCTY.UR.ZS,25.92677362,..
Denmark,DNK,"Government expenditure on education, total (% of GDP)",SE.XPD.TOTL.GD.ZS,..,..
Denmark,DNK,Population ages 65 and above (% of total population),SP.POP.65UP.TO.ZS,19.81295264,..
Djibouti,DJI,GDP (current US$),NY.GDP.MKTP.CD,2955912228,..
Djibouti,DJI,GDP (constant LCU),NY.GDP.MKTP.KN,4.95868E+11,..
Djibouti,DJI,"GDP, PPP (current international $)",NY.GDP.MKTP.PP.CD,..,..
Djibouti,DJI,"Unemployment, female (% of female labor force) (modeled ILO estimate)",SL.UEM.TOTL.FE.ZS,12.02000046,11.92399979
Djibouti,DJI,"Unemployment, male (% of male labor force) (modeled ILO estimate)",SL.UEM.TOTL.MA.ZS,10.4289999,10.34000015
Djibouti,DJI,"Unemployment, total (% of total labor force) (modeled ILO estimate)",SL.UEM.TOTL.ZS,11.12199974,11.02999973
Djibouti,DJI,"Population, total",SP.POP.TOTL,958920,..
Djibouti,DJI,Population in the largest city (% of urban population),EN.URB.LCTY.UR.ZS,75.29494422,..
Djibouti,DJI,"Government expenditure on education, total (% of GDP)",SE.XPD.TOTL.GD.ZS,5.55942,..
Djibouti,DJI,Population ages 65 and above (% of total population),SP.POP.65UP.TO.ZS,4.527579378,..
Dominica,DMA,GDP (current US$),NY.GDP.MKTP.CD,550892592.6,..
Dominica,DMA,GDP (constant LCU),NY.GDP.MKTP.KN,1159670000,..
Dominica,DMA,"GDP, PPP (current international $)",NY.GDP.MKTP.PP.CD,797176307.9,..
Dominica,DMA,"Unemployment, female (% of female labor force) (modeled ILO estimate)",SL.UEM.TOTL.FE.ZS,..,..
Dominica,DMA,"Unemployment, male (% of male labor force) (modeled ILO estimate)",SL.UEM.TOTL.MA.ZS,..,..
Dominica,DMA,"Unemployment, total (% of total labor force) (modeled ILO estimate)",SL.UEM.TOTL.ZS,..,..
Dominica,DMA,"Population, total",SP.POP.TOTL,71625,..
Dominica,DMA,Population in the largest city (% of urban population),EN.URB.LCTY.UR.ZS,..,..
Dominica,DMA,"Government expenditure on education, total (% of GDP)",SE.XPD.TOTL.GD.ZS,..,..
Dominica,DMA,Population ages 65 and above (% of total population),SP.POP.65UP.TO.ZS,..,..
Dominican Republic,DOM,GDP (current US$),NY.GDP.MKTP.CD,85555390387,..
Dominican Republic,DOM,GDP (constant LCU),NY.GDP.MKTP.KN,2.50029E+12,..
Dominican Republic,DOM,"GDP, PPP (current international $)",NY.GDP.MKTP.PP.CD,1.88613E+11,..
Dominican Republic,DOM,"Unemployment, female (% of female labor force) (modeled ILO estimate)",SL.UEM.TOTL.FE.ZS,8.218999863,8.251999855
Dominican Republic,DOM,"Unemployment, male (% of male labor force) (modeled ILO estimate)",SL.UEM.TOTL.MA.ZS,4.217999935,4.188000202
Dominican Republic,DOM,"Unemployment, total (% of total labor force) (modeled ILO estimate)",SL.UEM.TOTL.ZS,5.828999996,5.828000069
Dominican Republic,DOM,"Population, total",SP.POP.TOTL,10627165,..
Dominican Republic,DOM,Population in the largest city (% of urban population),EN.URB.LCTY.UR.ZS,36.8175557,..
Dominican Republic,DOM,"Government expenditure on education, total (% of GDP)",SE.XPD.TOTL.GD.ZS,..,..
Dominican Republic,DOM,Population ages 65 and above (% of total population),SP.POP.65UP.TO.ZS,7.082817476,..
Ecuador,ECU,GDP (current US$),NY.GDP.MKTP.CD,1.08398E+11,..
Ecuador,ECU,GDP (constant LCU),NY.GDP.MKTP.KN,71932841000,..
Ecuador,ECU,"GDP, PPP (current international $)",NY.GDP.MKTP.PP.CD,2.00474E+11,..
Ecuador,ECU,"Unemployment, female (% of female labor force) (modeled ILO estimate)",SL.UEM.TOTL.FE.ZS,4.977000237,5.031000137
Ecuador,ECU,"Unemployment, male (% of male labor force) (modeled ILO estimate)",SL.UEM.TOTL.MA.ZS,3.157000065,3.239000082
Ecuador,ECU,"Unemployment, total (% of total labor force) (modeled ILO estimate)",SL.UEM.TOTL.ZS,3.910000086,3.980999947
Ecuador,ECU,"Population, total",SP.POP.TOTL,17084357,..
Ecuador,ECU,Population in the largest city (% of urban population),EN.URB.LCTY.UR.ZS,26.58614871,..
Ecuador,ECU,"Government expenditure on education, total (% of GDP)",SE.XPD.TOTL.GD.ZS,..,..
Ecuador,ECU,Population ages 65 and above (% of total population),SP.POP.65UP.TO.ZS,7.157289727,..
"Egypt, Arab Rep.",EGY,GDP (current US$),NY.GDP.MKTP.CD,2.50895E+11,..
"Egypt, Arab Rep.",EGY,GDP (constant LCU),NY.GDP.MKTP.KN,3.6544E+12,..
"Egypt, Arab Rep.",EGY,"GDP, PPP (current international $)",NY.GDP.MKTP.PP.CD,1.22166E+12,..
"Egypt, Arab Rep.",EGY,"Unemployment, female (% of female labor force) (modeled ILO estimate)",SL.UEM.TOTL.FE.ZS,23.10199928,23.14699936
"Egypt, Arab Rep.",EGY,"Unemployment, male (% of male labor force) (modeled ILO estimate)",SL.UEM.TOTL.MA.ZS,7.811999798,7.593999863
"Egypt, Arab Rep.",EGY,"Unemployment, total (% of total labor force) (modeled ILO estimate)",SL.UEM.TOTL.ZS,11.43599987,11.29300022
"Egypt, Arab Rep.",EGY,"Population, total",SP.POP.TOTL,98423595,..
"Egypt, Arab Rep.",EGY,Population in the largest city (% of urban population),EN.URB.LCTY.UR.ZS,47.76496347,..
"Egypt, Arab Rep.",EGY,"Government expenditure on education, total (% of GDP)",SE.XPD.TOTL.GD.ZS,..,..
"Egypt, Arab Rep.",EGY,Population ages 65 and above (% of total population),SP.POP.65UP.TO.ZS,5.229779346,..
El Salvador,SLV,GDP (current US$),NY.GDP.MKTP.CD,26057000000,..
El Salvador,SLV,GDP (constant LCU),NY.GDP.MKTP.KN,24878000000,..
El Salvador,SLV,"GDP, PPP (current international $)",NY.GDP.MKTP.PP.CD,53496381454,..
El Salvador,SLV,"Unemployment, female (% of female labor force) (modeled ILO estimate)",SL.UEM.TOTL.FE.ZS,3.717000008,3.618000031
El Salvador,SLV,"Unemployment, male (% of male labor force) (modeled ILO estimate)",SL.UEM.TOTL.MA.ZS,4.863999844,4.860000134
El Salvador,SLV,"Unemployment, total (% of total labor force) (modeled ILO estimate)",SL.UEM.TOTL.ZS,4.389999866,4.346000195
El Salvador,SLV,"Population, total",SP.POP.TOTL,6420744,..
El Salvador,SLV,Population in the largest city (% of urban population),EN.URB.LCTY.UR.ZS,23.93164796,..
El Salvador,SLV,"Government expenditure on education, total (% of GDP)",SE.XPD.TOTL.GD.ZS,3.60075,..
El Salvador,SLV,Population ages 65 and above (% of total population),SP.POP.65UP.TO.ZS,8.287090005,..
Equatorial Guinea,GNQ,GDP (current US$),NY.GDP.MKTP.CD,13432377050,..
Equatorial Guinea,GNQ,GDP (constant LCU),NY.GDP.MKTP.KN,5.44468E+12,..
Equatorial Guinea,GNQ,"GDP, PPP (current international $)",NY.GDP.MKTP.PP.CD,29771074845,..
Equatorial Guinea,GNQ,"Unemployment, female (% of female labor force) (modeled ILO estimate)",SL.UEM.TOTL.FE.ZS,9.753000259,9.807999611
Equatorial Guinea,GNQ,"Unemployment, male (% of male labor force) (modeled ILO estimate)",SL.UEM.TOTL.MA.ZS,8.812999725,8.862000465
Equatorial Guinea,GNQ,"Unemployment, total (% of total labor force) (modeled ILO estimate)",SL.UEM.TOTL.ZS,9.161999702,9.211999893
Equatorial Guinea,GNQ,"Population, total",SP.POP.TOTL,1308974,..
Equatorial Guinea,GNQ,Population in the largest city (% of urban population),EN.URB.LCTY.UR.ZS,39.80544998,..
Equatorial Guinea,GNQ,"Government expenditure on education, total (% of GDP)",SE.XPD.TOTL.GD.ZS,..,..
Equatorial Guinea,GNQ,Population ages 65 and above (% of total population),SP.POP.65UP.TO.ZS,2.457877347,..
Eritrea,ERI,GDP (current US$),NY.GDP.MKTP.CD,..,..
Eritrea,ERI,GDP (constant LCU),NY.GDP.MKTP.KN,..,..
Eritrea,ERI,"GDP, PPP (current international $)",NY.GDP.MKTP.PP.CD,..,..
Eritrea,ERI,"Unemployment, female (% of female labor force) (modeled ILO estimate)",SL.UEM.TOTL.FE.ZS,6.927000046,6.934000015
Eritrea,ERI,"Unemployment, male (% of male labor force) (modeled ILO estimate)",SL.UEM.TOTL.MA.ZS,6.210000038,6.208000183
Eritrea,ERI,"Unemployment, total (% of total labor force) (modeled ILO estimate)",SL.UEM.TOTL.ZS,6.543000221,6.546000004
Eritrea,ERI,"Population, total",SP.POP.TOTL,..,..
Eritrea,ERI,Population in the largest city (% of urban population),EN.URB.LCTY.UR.ZS,..,..
Eritrea,ERI,"Government expenditure on education, total (% of GDP)",SE.XPD.TOTL.GD.ZS,..,..
Eritrea,ERI,Population ages 65 and above (% of total population),SP.POP.65UP.TO.ZS,..,..
Estonia,EST,GDP (current US$),NY.GDP.MKTP.CD,30732144529,..
Estonia,EST,GDP (constant LCU),NY.GDP.MKTP.KN,23629174300,..
Estonia,EST,"GDP, PPP (current international $)",NY.GDP.MKTP.PP.CD,47517185746,..
Estonia,EST,"Unemployment, female (% of female labor force) (modeled ILO estimate)",SL.UEM.TOTL.FE.ZS,5.131999969,5.493999958
Estonia,EST,"Unemployment, male (% of male labor force) (modeled ILO estimate)",SL.UEM.TOTL.MA.ZS,5.862999916,6.248000145
Estonia,EST,"Unemployment, total (% of total labor force) (modeled ILO estimate)",SL.UEM.TOTL.ZS,5.507999897,5.881999969
Estonia,EST,"Population, total",SP.POP.TOTL,1320884,..
Estonia,EST,Population in the largest city (% of urban population),EN.URB.LCTY.UR.ZS,48.0341824,..
Estonia,EST,"Government expenditure on education, total (% of GDP)",SE.XPD.TOTL.GD.ZS,..,..
Estonia,EST,Population ages 65 and above (% of total population),SP.POP.65UP.TO.ZS,19.62635685,..
Eswatini,SWZ,GDP (current US$),NY.GDP.MKTP.CD,4710618472,..
Eswatini,SWZ,GDP (constant LCU),NY.GDP.MKTP.KN,41831719059,..
Eswatini,SWZ,"GDP, PPP (current international $)",NY.GDP.MKTP.PP.CD,12086620030,..
Eswatini,SWZ,"Unemployment, female (% of female labor force) (modeled ILO estimate)",SL.UEM.TOTL.FE.ZS,24.36000061,24.6609993
Eswatini,SWZ,"Unemployment, male (% of male labor force) (modeled ILO estimate)",SL.UEM.TOTL.MA.ZS,21.16300011,21.58799934
Eswatini,SWZ,"Unemployment, total (% of total labor force) (modeled ILO estimate)",SL.UEM.TOTL.ZS,22.47699928,22.85400009
Eswatini,SWZ,"Population, total",SP.POP.TOTL,1136191,..
Eswatini,SWZ,Population in the largest city (% of urban population),EN.URB.LCTY.UR.ZS,..,..
Eswatini,SWZ,"Government expenditure on education, total (% of GDP)",SE.XPD.TOTL.GD.ZS,..,..
Eswatini,SWZ,Population ages 65 and above (% of total population),SP.POP.65UP.TO.ZS,4.014587941,..
Ethiopia,ETH,GDP (current US$),NY.GDP.MKTP.CD,84355604753,..
Ethiopia,ETH,GDP (constant LCU),NY.GDP.MKTP.KN,1.83407E+12,..
Ethiopia,ETH,"GDP, PPP (current international $)",NY.GDP.MKTP.PP.CD,2.20867E+11,..
Ethiopia,ETH,"Unemployment, female (% of female labor force) (modeled ILO estimate)",SL.UEM.TOTL.FE.ZS,2.415999889,2.390000105
Ethiopia,ETH,"Unemployment, male (% of male labor force) (modeled ILO estimate)",SL.UEM.TOTL.MA.ZS,1.27699995,1.258999944
Ethiopia,ETH,"Unemployment, total (% of total labor force) (modeled ILO estimate)",SL.UEM.TOTL.ZS,1.809000015,1.787999988
Ethiopia,ETH,"Population, total",SP.POP.TOTL,109224559,..
Ethiopia,ETH,Population in the largest city (% of urban population),EN.URB.LCTY.UR.ZS,19.40037379,..
Ethiopia,ETH,"Government expenditure on education, total (% of GDP)",SE.XPD.TOTL.GD.ZS,..,..
Ethiopia,ETH,Population ages 65 and above (% of total population),SP.POP.65UP.TO.ZS,3.501132998,..
Faroe Islands,FRO,GDP (current US$),NY.GDP.MKTP.CD,..,..
Faroe Islands,FRO,GDP (constant LCU),NY.GDP.MKTP.KN,..,..
Faroe Islands,FRO,"GDP, PPP (current international $)",NY.GDP.MKTP.PP.CD,..,..
Faroe Islands,FRO,"Unemployment, female (% of female labor force) (modeled ILO estimate)",SL.UEM.TOTL.FE.ZS,..,..
Faroe Islands,FRO,"Unemployment, male (% of male labor force) (modeled ILO estimate)",SL.UEM.TOTL.MA.ZS,..,..
Faroe Islands,FRO,"Unemployment, total (% of total labor force) (modeled ILO estimate)",SL.UEM.TOTL.ZS,..,..
Faroe Islands,FRO,"Population, total",SP.POP.TOTL,48497,..
Faroe Islands,FRO,Population in the largest city (% of urban population),EN.URB.LCTY.UR.ZS,..,..
Faroe Islands,FRO,"Government expenditure on education, total (% of GDP)",SE.XPD.TOTL.GD.ZS,..,..
Faroe Islands,FRO,Population ages 65 and above (% of total population),SP.POP.65UP.TO.ZS,..,..
Fiji,FJI,GDP (current US$),NY.GDP.MKTP.CD,5536759659,..
Fiji,FJI,GDP (constant LCU),NY.GDP.MKTP.KN,10734642759,..
Fiji,FJI,"GDP, PPP (current international $)",NY.GDP.MKTP.PP.CD,9611834270,..
Fiji,FJI,"Unemployment, female (% of female labor force) (modeled ILO estimate)",SL.UEM.TOTL.FE.ZS,5.334000111,5.311999798
Fiji,FJI,"Unemployment, male (% of male labor force) (modeled ILO estimate)",SL.UEM.TOTL.MA.ZS,3.569999933,3.573999882
Fiji,FJI,"Unemployment, total (% of total labor force) (modeled ILO estimate)",SL.UEM.TOTL.ZS,4.15199995,4.151000023
Fiji,FJI,"Population, total",SP.POP.TOTL,883483,..
Fiji,FJI,Population in the largest city (% of urban population),EN.URB.LCTY.UR.ZS,..,..
Fiji,FJI,"Government expenditure on education, total (% of GDP)",SE.XPD.TOTL.GD.ZS,..,..
Fiji,FJI,Population ages 65 and above (% of total population),SP.POP.65UP.TO.ZS,5.449680413,..
Finland,FIN,GDP (current US$),NY.GDP.MKTP.CD,2.76743E+11,..
Finland,FIN,GDP (constant LCU),NY.GDP.MKTP.KN,2.27437E+11,..
Finland,FIN,"GDP, PPP (current international $)",NY.GDP.MKTP.PP.CD,2.67167E+11,..
Finland,FIN,"Unemployment, female (% of female labor force) (modeled ILO estimate)",SL.UEM.TOTL.FE.ZS,7.636000156,7.119999886
Finland,FIN,"Unemployment, male (% of male labor force) (modeled ILO estimate)",SL.UEM.TOTL.MA.ZS,7.863999844,7.374000072
Finland,FIN,"Unemployment, total (% of total labor force) (modeled ILO estimate)",SL.UEM.TOTL.ZS,7.755000114,7.251999855
Finland,FIN,"Population, total",SP.POP.TOTL,5518050,..
Finland,FIN,Population in the largest city (% of urban population),EN.URB.LCTY.UR.ZS,27.14883684,..
Finland,FIN,"Government expenditure on education, total (% of GDP)",SE.XPD.TOTL.GD.ZS,..,..
Finland,FIN,Population ages 65 and above (% of total population),SP.POP.65UP.TO.ZS,21.72078755,..
France,FRA,GDP (current US$),NY.GDP.MKTP.CD,2.77754E+12,..
France,FRA,GDP (constant LCU),NY.GDP.MKTP.KN,2.31195E+12,..
France,FRA,"GDP, PPP (current international $)",NY.GDP.MKTP.PP.CD,3.03736E+12,..
France,FRA,"Unemployment, female (% of female labor force) (modeled ILO estimate)",SL.UEM.TOTL.FE.ZS,9.237000465,9.288000107
France,FRA,"Unemployment, male (% of male labor force) (modeled ILO estimate)",SL.UEM.TOTL.MA.ZS,9.12899971,8.93200016
France,FRA,"Unemployment, total (% of total labor force) (modeled ILO estimate)",SL.UEM.TOTL.ZS,9.180000305,9.098999977
France,FRA,"Population, total",SP.POP.TOTL,66987244,..
France,FRA,Population in the largest city (% of urban population),EN.URB.LCTY.UR.ZS,20.22919758,..
France,FRA,"Government expenditure on education, total (% of GDP)",SE.XPD.TOTL.GD.ZS,..,..
France,FRA,Population ages 65 and above (% of total population),SP.POP.65UP.TO.ZS,20.03462475,..
French Polynesia,PYF,GDP (current US$),NY.GDP.MKTP.CD,..,..
French Polynesia,PYF,GDP (constant LCU),NY.GDP.MKTP.KN,..,..
French Polynesia,PYF,"GDP, PPP (current international $)",NY.GDP.MKTP.PP.CD,..,..
French Polynesia,PYF,"Unemployment, female (% of female labor force) (modeled ILO estimate)",SL.UEM.TOTL.FE.ZS,12.80099964,12.81900024
French Polynesia,PYF,"Unemployment, male (% of male labor force) (modeled ILO estimate)",SL.UEM.TOTL.MA.ZS,11.42599964,11.33199978
French Polynesia,PYF,"Unemployment, total (% of total labor force) (modeled ILO estimate)",SL.UEM.TOTL.ZS,12.01599979,11.97200012
French Polynesia,PYF,"Population, total",SP.POP.TOTL,277679,..
French Polynesia,PYF,Population in the largest city (% of urban population),EN.URB.LCTY.UR.ZS,..,..
French Polynesia,PYF,"Government expenditure on education, total (% of GDP)",SE.XPD.TOTL.GD.ZS,..,..
French Polynesia,PYF,Population ages 65 and above (% of total population),SP.POP.65UP.TO.ZS,8.290508105,..
Gabon,GAB,GDP (current US$),NY.GDP.MKTP.CD,16853589311,..
Gabon,GAB,GDP (constant LCU),NY.GDP.MKTP.KN,5.53092E+12,..
Gabon,GAB,"GDP, PPP (current international $)",NY.GDP.MKTP.PP.CD,37883653708,..
Gabon,GAB,"Unemployment, female (% of female labor force) (modeled ILO estimate)",SL.UEM.TOTL.FE.ZS,27.8939991,28.15099907
Gabon,GAB,"Unemployment, male (% of male labor force) (modeled ILO estimate)",SL.UEM.TOTL.MA.ZS,13.85000038,13.82800007
Gabon,GAB,"Unemployment, total (% of total labor force) (modeled ILO estimate)",SL.UEM.TOTL.ZS,19.48800087,19.6060009
Gabon,GAB,"Population, total",SP.POP.TOTL,2119275,..
Gabon,GAB,Population in the largest city (% of urban population),EN.URB.LCTY.UR.ZS,42.95093548,..
Gabon,GAB,"Government expenditure on education, total (% of GDP)",SE.XPD.TOTL.GD.ZS,..,..
Gabon,GAB,Population ages 65 and above (% of total population),SP.POP.65UP.TO.ZS,3.563907468,..
"Gambia, The",GMB,GDP (current US$),NY.GDP.MKTP.CD,1632823199,..
"Gambia, The",GMB,GDP (constant LCU),NY.GDP.MKTP.KN,57777816000,..
"Gambia, The",GMB,"GDP, PPP (current international $)",NY.GDP.MKTP.PP.CD,5955628693,..
"Gambia, The",GMB,"Unemployment, female (% of female labor force) (modeled ILO estimate)",SL.UEM.TOTL.FE.ZS,12.01799965,11.9989996
"Gambia, The",GMB,"Unemployment, male (% of male labor force) (modeled ILO estimate)",SL.UEM.TOTL.MA.ZS,6.400000095,6.396999836
"Gambia, The",GMB,"Unemployment, total (% of total labor force) (modeled ILO estimate)",SL.UEM.TOTL.ZS,8.904999733,8.897999763
"Gambia, The",GMB,"Population, total",SP.POP.TOTL,2280102,..
"Gambia, The",GMB,Population in the largest city (% of urban population),EN.URB.LCTY.UR.ZS,31.29243861,..
"Gambia, The",GMB,"Government expenditure on education, total (% of GDP)",SE.XPD.TOTL.GD.ZS,2.43275,..
"Gambia, The",GMB,Population ages 65 and above (% of total population),SP.POP.65UP.TO.ZS,2.589980939,..
Georgia,GEO,GDP (current US$),NY.GDP.MKTP.CD,17599660629,..
Georgia,GEO,GDP (constant LCU),NY.GDP.MKTP.KN,31395537222,..
Georgia,GEO,"GDP, PPP (current international $)",NY.GDP.MKTP.PP.CD,44789064972,..
Georgia,GEO,"Unemployment, female (% of female labor force) (modeled ILO estimate)",SL.UEM.TOTL.FE.ZS,12.67700005,12.7489996
Georgia,GEO,"Unemployment, male (% of male labor force) (modeled ILO estimate)",SL.UEM.TOTL.MA.ZS,15.30799961,15.50399971
Georgia,GEO,"Unemployment, total (% of total labor force) (modeled ILO estimate)",SL.UEM.TOTL.ZS,14.10599995,14.24600029
Georgia,GEO,"Population, total",SP.POP.TOTL,3731000,..
Georgia,GEO,Population in the largest city (% of urban population),EN.URB.LCTY.UR.ZS,49.24815776,..
Georgia,GEO,"Government expenditure on education, total (% of GDP)",SE.XPD.TOTL.GD.ZS,..,..
Georgia,GEO,Population ages 65 and above (% of total population),SP.POP.65UP.TO.ZS,14.86549143,..
Germany,DEU,GDP (current US$),NY.GDP.MKTP.CD,3.94762E+12,..
Germany,DEU,GDP (constant LCU),NY.GDP.MKTP.KN,3.22248E+12,..
Germany,DEU,"GDP, PPP (current international $)",NY.GDP.MKTP.PP.CD,4.40136E+12,..
Germany,DEU,"Unemployment, female (% of female labor force) (modeled ILO estimate)",SL.UEM.TOTL.FE.ZS,3.112999916,2.980999947
Germany,DEU,"Unemployment, male (% of male labor force) (modeled ILO estimate)",SL.UEM.TOTL.MA.ZS,3.697000027,3.388000011
Germany,DEU,"Unemployment, total (% of total labor force) (modeled ILO estimate)",SL.UEM.TOTL.ZS,3.424999952,3.198999882
Germany,DEU,"Population, total",SP.POP.TOTL,82927922,..
Germany,DEU,Population in the largest city (% of urban population),EN.URB.LCTY.UR.ZS,5.540389594,..
Germany,DEU,"Government expenditure on education, total (% of GDP)",SE.XPD.TOTL.GD.ZS,..,..
Germany,DEU,Population ages 65 and above (% of total population),SP.POP.65UP.TO.ZS,21.461962,..
Ghana,GHA,GDP (current US$),NY.GDP.MKTP.CD,65556464048,..
Ghana,GHA,GDP (constant LCU),NY.GDP.MKTP.KN,1.54548E+11,..
Ghana,GHA,"GDP, PPP (current international $)",NY.GDP.MKTP.PP.CD,1.41295E+11,..
Ghana,GHA,"Unemployment, female (% of female labor force) (modeled ILO estimate)",SL.UEM.TOTL.FE.ZS,6.698999882,6.828000069
Ghana,GHA,"Unemployment, male (% of male labor force) (modeled ILO estimate)",SL.UEM.TOTL.MA.ZS,6.721000195,6.743000031
Ghana,GHA,"Unemployment, total (% of total labor force) (modeled ILO estimate)",SL.UEM.TOTL.ZS,6.710000038,6.78399992
Ghana,GHA,"Population, total",SP.POP.TOTL,29767108,..
Ghana,GHA,Population in the largest city (% of urban population),EN.URB.LCTY.UR.ZS,18.36541624,..
Ghana,GHA,"Government expenditure on education, total (% of GDP)",SE.XPD.TOTL.GD.ZS,3.98944,..
Ghana,GHA,Population ages 65 and above (% of total population),SP.POP.65UP.TO.ZS,3.068898007,..
Gibraltar,GIB,GDP (current US$),NY.GDP.MKTP.CD,..,..
Gibraltar,GIB,GDP (constant LCU),NY.GDP.MKTP.KN,..,..
Gibraltar,GIB,"GDP, PPP (current international $)",NY.GDP.MKTP.PP.CD,..,..
Gibraltar,GIB,"Unemployment, female (% of female labor force) (modeled ILO estimate)",SL.UEM.TOTL.FE.ZS,..,..
Gibraltar,GIB,"Unemployment, male (% of male labor force) (modeled ILO estimate)",SL.UEM.TOTL.MA.ZS,..,..
Gibraltar,GIB,"Unemployment, total (% of total labor force) (modeled ILO estimate)",SL.UEM.TOTL.ZS,..,..
Gibraltar,GIB,"Population, total",SP.POP.TOTL,33718,..
Gibraltar,GIB,Population in the largest city (% of urban population),EN.URB.LCTY.UR.ZS,..,..
Gibraltar,GIB,"Government expenditure on education, total (% of GDP)",SE.XPD.TOTL.GD.ZS,..,..
Gibraltar,GIB,Population ages 65 and above (% of total population),SP.POP.65UP.TO.ZS,..,..
Greece,GRC,GDP (current US$),NY.GDP.MKTP.CD,2.18032E+11,..
Greece,GRC,GDP (constant LCU),NY.GDP.MKTP.KN,1.83056E+11,..
Greece,GRC,"GDP, PPP (current international $)",NY.GDP.MKTP.PP.CD,3.17455E+11,..
Greece,GRC,"Unemployment, female (% of female labor force) (modeled ILO estimate)",SL.UEM.TOTL.FE.ZS,23.91600037,23.09300041
Greece,GRC,"Unemployment, male (% of male labor force) (modeled ILO estimate)",SL.UEM.TOTL.MA.ZS,15.52700043,14.15200043
Greece,GRC,"Unemployment, total (% of total labor force) (modeled ILO estimate)",SL.UEM.TOTL.ZS,19.20700073,18.08099937
Greece,GRC,"Population, total",SP.POP.TOTL,10727668,..
Greece,GRC,Population in the largest city (% of urban population),EN.URB.LCTY.UR.ZS,37.20752546,..
Greece,GRC,"Government expenditure on education, total (% of GDP)",SE.XPD.TOTL.GD.ZS,..,..
Greece,GRC,Population ages 65 and above (% of total population),SP.POP.65UP.TO.ZS,21.65527208,..
Greenland,GRL,GDP (current US$),NY.GDP.MKTP.CD,..,..
Greenland,GRL,GDP (constant LCU),NY.GDP.MKTP.KN,15537100000,..
Greenland,GRL,"GDP, PPP (current international $)",NY.GDP.MKTP.PP.CD,..,..
Greenland,GRL,"Unemployment, female (% of female labor force) (modeled ILO estimate)",SL.UEM.TOTL.FE.ZS,..,..
Greenland,GRL,"Unemployment, male (% of male labor force) (modeled ILO estimate)",SL.UEM.TOTL.MA.ZS,..,..
Greenland,GRL,"Unemployment, total (% of total labor force) (modeled ILO estimate)",SL.UEM.TOTL.ZS,..,..
Greenland,GRL,"Population, total",SP.POP.TOTL,56025,..
Greenland,GRL,Population in the largest city (% of urban population),EN.URB.LCTY.UR.ZS,..,..
Greenland,GRL,"Government expenditure on education, total (% of GDP)",SE.XPD.TOTL.GD.ZS,..,..
Greenland,GRL,Population ages 65 and above (% of total population),SP.POP.65UP.TO.ZS,..,..
Grenada,GRD,GDP (current US$),NY.GDP.MKTP.CD,1185925926,..
Grenada,GRD,GDP (constant LCU),NY.GDP.MKTP.KN,2469000000,..
Grenada,GRD,"GDP, PPP (current international $)",NY.GDP.MKTP.PP.CD,1733950625,..
Grenada,GRD,"Unemployment, female (% of female labor force) (modeled ILO estimate)",SL.UEM.TOTL.FE.ZS,..,..
Grenada,GRD,"Unemployment, male (% of male labor force) (modeled ILO estimate)",SL.UEM.TOTL.MA.ZS,..,..
Grenada,GRD,"Unemployment, total (% of total labor force) (modeled ILO estimate)",SL.UEM.TOTL.ZS,..,..
Grenada,GRD,"Population, total",SP.POP.TOTL,111454,..
Grenada,GRD,Population in the largest city (% of urban population),EN.URB.LCTY.UR.ZS,..,..
Grenada,GRD,"Government expenditure on education, total (% of GDP)",SE.XPD.TOTL.GD.ZS,..,..
Grenada,GRD,Population ages 65 and above (% of total population),SP.POP.65UP.TO.ZS,9.621906796,..
Guam,GUM,GDP (current US$),NY.GDP.MKTP.CD,5920000000,..
Guam,GUM,GDP (constant LCU),NY.GDP.MKTP.KN,5203000000,..
Guam,GUM,"GDP, PPP (current international $)",NY.GDP.MKTP.PP.CD,..,..
Guam,GUM,"Unemployment, female (% of female labor force) (modeled ILO estimate)",SL.UEM.TOTL.FE.ZS,5.640999794,5.867000103
Guam,GUM,"Unemployment, male (% of male labor force) (modeled ILO estimate)",SL.UEM.TOTL.MA.ZS,5.592999935,5.853000164
Guam,GUM,"Unemployment, total (% of total labor force) (modeled ILO estimate)",SL.UEM.TOTL.ZS,5.611999989,5.857999802
Guam,GUM,"Population, total",SP.POP.TOTL,165768,..
Guam,GUM,Population in the largest city (% of urban population),EN.URB.LCTY.UR.ZS,..,..
Guam,GUM,"Government expenditure on education, total (% of GDP)",SE.XPD.TOTL.GD.ZS,..,..
Guam,GUM,Population ages 65 and above (% of total population),SP.POP.65UP.TO.ZS,9.849910719,..
Guatemala,GTM,GDP (current US$),NY.GDP.MKTP.CD,78460447920,..
Guatemala,GTM,GDP (constant LCU),NY.GDP.MKTP.KN,2.62998E+11,..
Guatemala,GTM,"GDP, PPP (current international $)",NY.GDP.MKTP.PP.CD,1.45957E+11,..
Guatemala,GTM,"Unemployment, female (% of female labor force) (modeled ILO estimate)",SL.UEM.TOTL.FE.ZS,3.683000088,3.640000105
Guatemala,GTM,"Unemployment, male (% of male labor force) (modeled ILO estimate)",SL.UEM.TOTL.MA.ZS,2.230999947,2.28399992
Guatemala,GTM,"Unemployment, total (% of total labor force) (modeled ILO estimate)",SL.UEM.TOTL.ZS,2.726999998,2.746000051
Guatemala,GTM,"Population, total",SP.POP.TOTL,17247807,..
Guatemala,GTM,Population in the largest city (% of urban population),EN.URB.LCTY.UR.ZS,32.3779554,..
Guatemala,GTM,"Government expenditure on education, total (% of GDP)",SE.XPD.TOTL.GD.ZS,2.92707,..
Guatemala,GTM,Population ages 65 and above (% of total population),SP.POP.65UP.TO.ZS,4.812072508,..
Guinea,GIN,GDP (current US$),NY.GDP.MKTP.CD,10907214994,..
Guinea,GIN,GDP (constant LCU),NY.GDP.MKTP.KN,6.37513E+13,..
Guinea,GIN,"GDP, PPP (current international $)",NY.GDP.MKTP.PP.CD,31096249558,..
Guinea,GIN,"Unemployment, female (% of female labor force) (modeled ILO estimate)",SL.UEM.TOTL.FE.ZS,2.647000074,2.622999907
Guinea,GIN,"Unemployment, male (% of male labor force) (modeled ILO estimate)",SL.UEM.TOTL.MA.ZS,4.550000191,4.505000114
Guinea,GIN,"Unemployment, total (% of total labor force) (modeled ILO estimate)",SL.UEM.TOTL.ZS,3.607000113,3.572000027
Guinea,GIN,"Population, total",SP.POP.TOTL,12414318,..
Guinea,GIN,Population in the largest city (% of urban population),EN.URB.LCTY.UR.ZS,41.08116843,..
Guinea,GIN,"Government expenditure on education, total (% of GDP)",SE.XPD.TOTL.GD.ZS,2.57251,..
Guinea,GIN,Population ages 65 and above (% of total population),SP.POP.65UP.TO.ZS,2.926022448,..
Guinea-Bissau,GNB,GDP (current US$),NY.GDP.MKTP.CD,1458156026,..
Guinea-Bissau,GNB,GDP (constant LCU),NY.GDP.MKTP.KN,5.0114E+11,..
Guinea-Bissau,GNB,"GDP, PPP (current international $)",NY.GDP.MKTP.PP.CD,3372009140,..
Guinea-Bissau,GNB,"Unemployment, female (% of female labor force) (modeled ILO estimate)",SL.UEM.TOTL.FE.ZS,4.234000206,4.250999928
Guinea-Bissau,GNB,"Unemployment, male (% of male labor force) (modeled ILO estimate)",SL.UEM.TOTL.MA.ZS,3.897000074,3.905999899
Guinea-Bissau,GNB,"Unemployment, total (% of total labor force) (modeled ILO estimate)",SL.UEM.TOTL.ZS,4.05700016,4.070000172
Guinea-Bissau,GNB,"Population, total",SP.POP.TOTL,1874309,..
Guinea-Bissau,GNB,Population in the largest city (% of urban population),EN.URB.LCTY.UR.ZS,68.70911776,..
Guinea-Bissau,GNB,"Government expenditure on education, total (% of GDP)",SE.XPD.TOTL.GD.ZS,..,..
Guinea-Bissau,GNB,Population ages 65 and above (% of total population),SP.POP.65UP.TO.ZS,2.823716336,..
Guyana,GUY,GDP (current US$),NY.GDP.MKTP.CD,3878662621,..
Guyana,GUY,GDP (constant LCU),NY.GDP.MKTP.KN,4.70088E+11,..
Guyana,GUY,"GDP, PPP (current international $)",NY.GDP.MKTP.PP.CD,6731168974,..
Guyana,GUY,"Unemployment, female (% of female labor force) (modeled ILO estimate)",SL.UEM.TOTL.FE.ZS,15.73200035,15.77499962
Guyana,GUY,"Unemployment, male (% of male labor force) (modeled ILO estimate)",SL.UEM.TOTL.MA.ZS,10.16600037,10.24600029
Guyana,GUY,"Unemployment, total (% of total labor force) (modeled ILO estimate)",SL.UEM.TOTL.ZS,12.15100002,12.21899986
Guyana,GUY,"Population, total",SP.POP.TOTL,779004,..
Guyana,GUY,Population in the largest city (% of urban population),EN.URB.LCTY.UR.ZS,..,..
Guyana,GUY,"Government expenditure on education, total (% of GDP)",SE.XPD.TOTL.GD.ZS,5.88842,..
Guyana,GUY,Population ages 65 and above (% of total population),SP.POP.65UP.TO.ZS,6.450271243,..
Haiti,HTI,GDP (current US$),NY.GDP.MKTP.CD,9658721169,..
Haiti,HTI,GDP (constant LCU),NY.GDP.MKTP.KN,16277000900,..
Haiti,HTI,"GDP, PPP (current international $)",NY.GDP.MKTP.PP.CD,20762715968,..
Haiti,HTI,"Unemployment, female (% of female labor force) (modeled ILO estimate)",SL.UEM.TOTL.FE.ZS,16.34499931,16.2310009
Haiti,HTI,"Unemployment, male (% of male labor force) (modeled ILO estimate)",SL.UEM.TOTL.MA.ZS,10.95100021,10.97000027
Haiti,HTI,"Unemployment, total (% of total labor force) (modeled ILO estimate)",SL.UEM.TOTL.ZS,13.52600002,13.48400021
Haiti,HTI,"Population, total",SP.POP.TOTL,11123176,..
Haiti,HTI,Population in the largest city (% of urban population),EN.URB.LCTY.UR.ZS,42.88347608,..
Haiti,HTI,"Government expenditure on education, total (% of GDP)",SE.XPD.TOTL.GD.ZS,2.78047,..
Haiti,HTI,Population ages 65 and above (% of total population),SP.POP.65UP.TO.ZS,4.949403848,..
Honduras,HND,GDP (current US$),NY.GDP.MKTP.CD,23969890431,..
Honduras,HND,GDP (constant LCU),NY.GDP.MKTP.KN,2.14705E+11,..
Honduras,HND,"GDP, PPP (current international $)",NY.GDP.MKTP.PP.CD,49267902237,..
Honduras,HND,"Unemployment, female (% of female labor force) (modeled ILO estimate)",SL.UEM.TOTL.FE.ZS,5.291999817,5.324999809
Honduras,HND,"Unemployment, male (% of male labor force) (modeled ILO estimate)",SL.UEM.TOTL.MA.ZS,3.372999907,3.404000044
Honduras,HND,"Unemployment, total (% of total labor force) (modeled ILO estimate)",SL.UEM.TOTL.ZS,4.076000214,4.109000206
Honduras,HND,"Population, total",SP.POP.TOTL,9587522,..
Honduras,HND,Population in the largest city (% of urban population),EN.URB.LCTY.UR.ZS,24.89985554,..
Honduras,HND,"Government expenditure on education, total (% of GDP)",SE.XPD.TOTL.GD.ZS,6.0812,..
Honduras,HND,Population ages 65 and above (% of total population),SP.POP.65UP.TO.ZS,4.690617659,..
"Hong Kong SAR, China",HKG,GDP (current US$),NY.GDP.MKTP.CD,3.62682E+11,..
"Hong Kong SAR, China",HKG,GDP (constant LCU),NY.GDP.MKTP.KN,2.74279E+12,..
"Hong Kong SAR, China",HKG,"GDP, PPP (current international $)",NY.GDP.MKTP.PP.CD,4.81309E+11,..
"Hong Kong SAR, China",HKG,"Unemployment, female (% of female labor force) (modeled ILO estimate)",SL.UEM.TOTL.FE.ZS,2.517999887,2.5
"Hong Kong SAR, China",HKG,"Unemployment, male (% of male labor force) (modeled ILO estimate)",SL.UEM.TOTL.MA.ZS,3.029999971,3.015000105
"Hong Kong SAR, China",HKG,"Unemployment, total (% of total labor force) (modeled ILO estimate)",SL.UEM.TOTL.ZS,2.778000116,2.75999999
"Hong Kong SAR, China",HKG,"Population, total",SP.POP.TOTL,7451000,..
"Hong Kong SAR, China",HKG,Population in the largest city (% of urban population),EN.URB.LCTY.UR.ZS,99.70322104,..
"Hong Kong SAR, China",HKG,"Government expenditure on education, total (% of GDP)",SE.XPD.TOTL.GD.ZS,3.32259,..
"Hong Kong SAR, China",HKG,Population ages 65 and above (% of total population),SP.POP.65UP.TO.ZS,16.87504833,..
Hungary,HUN,GDP (current US$),NY.GDP.MKTP.CD,1.57883E+11,..
Hungary,HUN,GDP (constant LCU),NY.GDP.MKTP.KN,3.89765E+13,..
Hungary,HUN,"GDP, PPP (current international $)",NY.GDP.MKTP.PP.CD,3.03834E+11,..
Hungary,HUN,"Unemployment, female (% of female labor force) (modeled ILO estimate)",SL.UEM.TOTL.FE.ZS,4.020999908,3.755000114
Hungary,HUN,"Unemployment, male (% of male labor force) (modeled ILO estimate)",SL.UEM.TOTL.MA.ZS,3.362999916,3.219000101
Hungary,HUN,"Unemployment, total (% of total labor force) (modeled ILO estimate)",SL.UEM.TOTL.ZS,3.663000107,3.463999987
Hungary,HUN,"Population, total",SP.POP.TOTL,9768785,..
Hungary,HUN,Population in the largest city (% of urban population),EN.URB.LCTY.UR.ZS,25.24340306,..
Hungary,HUN,"Government expenditure on education, total (% of GDP)",SE.XPD.TOTL.GD.ZS,..,..
Hungary,HUN,Population ages 65 and above (% of total population),SP.POP.65UP.TO.ZS,19.15772538,..
Iceland,ISL,GDP (current US$),NY.GDP.MKTP.CD,25878475760,..
Iceland,ISL,GDP (constant LCU),NY.GDP.MKTP.KN,2.68779E+12,..
Iceland,ISL,"GDP, PPP (current international $)",NY.GDP.MKTP.PP.CD,20260872413,..
Iceland,ISL,"Unemployment, female (% of female labor force) (modeled ILO estimate)",SL.UEM.TOTL.FE.ZS,2.811000109,2.930000067
Iceland,ISL,"Unemployment, male (% of male labor force) (modeled ILO estimate)",SL.UEM.TOTL.MA.ZS,3.013000011,2.967999935
Iceland,ISL,"Unemployment, total (% of total labor force) (modeled ILO estimate)",SL.UEM.TOTL.ZS,2.917999983,2.950000048
Iceland,ISL,"Population, total",SP.POP.TOTL,353574,..
Iceland,ISL,Population in the largest city (% of urban population),EN.URB.LCTY.UR.ZS,..,..
Iceland,ISL,"Government expenditure on education, total (% of GDP)",SE.XPD.TOTL.GD.ZS,..,..
Iceland,ISL,Population ages 65 and above (% of total population),SP.POP.65UP.TO.ZS,14.79509256,..
India,IND,GDP (current US$),NY.GDP.MKTP.CD,2.71873E+12,..
India,IND,GDP (constant LCU),NY.GDP.MKTP.KN,1.40776E+14,..
India,IND,"GDP, PPP (current international $)",NY.GDP.MKTP.PP.CD,1.05002E+13,..
India,IND,"Unemployment, female (% of female labor force) (modeled ILO estimate)",SL.UEM.TOTL.FE.ZS,3.559000015,3.569000006
India,IND,"Unemployment, male (% of male labor force) (modeled ILO estimate)",SL.UEM.TOTL.MA.ZS,2.266000032,2.265000105
India,IND,"Unemployment, total (% of total labor force) (modeled ILO estimate)",SL.UEM.TOTL.ZS,2.551000118,2.551000118
India,IND,"Population, total",SP.POP.TOTL,1352617328,..
India,IND,Population in the largest city (% of urban population),EN.URB.LCTY.UR.ZS,6.194644752,..
India,IND,"Government expenditure on education, total (% of GDP)",SE.XPD.TOTL.GD.ZS,..,..
India,IND,Population ages 65 and above (% of total population),SP.POP.65UP.TO.ZS,6.179955649,..
Indonesia,IDN,GDP (current US$),NY.GDP.MKTP.CD,1.04217E+12,..
Indonesia,IDN,GDP (constant LCU),NY.GDP.MKTP.KN,1.04E+16,..
Indonesia,IDN,"GDP, PPP (current international $)",NY.GDP.MKTP.PP.CD,3.50094E+12,..
Indonesia,IDN,"Unemployment, female (% of female labor force) (modeled ILO estimate)",SL.UEM.TOTL.FE.ZS,4.142000198,4.236999989
Indonesia,IDN,"Unemployment, male (% of male labor force) (modeled ILO estimate)",SL.UEM.TOTL.MA.ZS,4.400000095,4.462999821
Indonesia,IDN,"Unemployment, total (% of total labor force) (modeled ILO estimate)",SL.UEM.TOTL.ZS,4.300000191,4.375
Indonesia,IDN,"Population, total",SP.POP.TOTL,267663435,..
Indonesia,IDN,Population in the largest city (% of urban population),EN.URB.LCTY.UR.ZS,7.101962764,..
Indonesia,IDN,"Government expenditure on education, total (% of GDP)",SE.XPD.TOTL.GD.ZS,..,..
Indonesia,IDN,Population ages 65 and above (% of total population),SP.POP.65UP.TO.ZS,5.857165613,..
"Iran, Islamic Rep.",IRN,GDP (current US$),NY.GDP.MKTP.CD,..,..
"Iran, Islamic Rep.",IRN,GDP (constant LCU),NY.GDP.MKTP.KN,..,..
"Iran, Islamic Rep.",IRN,"GDP, PPP (current international $)",NY.GDP.MKTP.PP.CD,..,..
"Iran, Islamic Rep.",IRN,"Unemployment, female (% of female labor force) (modeled ILO estimate)",SL.UEM.TOTL.FE.ZS,20.07099915,20.12800026
"Iran, Islamic Rep.",IRN,"Unemployment, male (% of male labor force) (modeled ILO estimate)",SL.UEM.TOTL.MA.ZS,10.10000038,10.09799957
"Iran, Islamic Rep.",IRN,"Unemployment, total (% of total labor force) (modeled ILO estimate)",SL.UEM.TOTL.ZS,11.99499989,11.99199963
"Iran, Islamic Rep.",IRN,"Population, total",SP.POP.TOTL,81800269,..
"Iran, Islamic Rep.",IRN,Population in the largest city (% of urban population),EN.URB.LCTY.UR.ZS,14.52002076,..
"Iran, Islamic Rep.",IRN,"Government expenditure on education, total (% of GDP)",SE.XPD.TOTL.GD.ZS,3.95536,..
"Iran, Islamic Rep.",IRN,Population ages 65 and above (% of total population),SP.POP.65UP.TO.ZS,6.184573806,..
Iraq,IRQ,GDP (current US$),NY.GDP.MKTP.CD,2.24228E+11,..
Iraq,IRQ,GDP (constant LCU),NY.GDP.MKTP.KN,2.01667E+14,..
Iraq,IRQ,"GDP, PPP (current international $)",NY.GDP.MKTP.PP.CD,6.70123E+11,..
Iraq,IRQ,"Unemployment, female (% of female labor force) (modeled ILO estimate)",SL.UEM.TOTL.FE.ZS,12.27099991,12.38199997
Iraq,IRQ,"Unemployment, male (% of male labor force) (modeled ILO estimate)",SL.UEM.TOTL.MA.ZS,7.191999912,7.140999794
Iraq,IRQ,"Unemployment, total (% of total labor force) (modeled ILO estimate)",SL.UEM.TOTL.ZS,7.927999973,7.90500021
Iraq,IRQ,"Population, total",SP.POP.TOTL,38433600,..
Iraq,IRQ,Population in the largest city (% of urban population),EN.URB.LCTY.UR.ZS,25.14999735,..
Iraq,IRQ,"Government expenditure on education, total (% of GDP)",SE.XPD.TOTL.GD.ZS,..,..
Iraq,IRQ,Population ages 65 and above (% of total population),SP.POP.65UP.TO.ZS,3.323599663,..
Ireland,IRL,GDP (current US$),NY.GDP.MKTP.CD,3.82487E+11,..
Ireland,IRL,GDP (constant LCU),NY.GDP.MKTP.KN,3.18772E+11,..
Ireland,IRL,"GDP, PPP (current international $)",NY.GDP.MKTP.PP.CD,4.03828E+11,..
Ireland,IRL,"Unemployment, female (% of female labor force) (modeled ILO estimate)",SL.UEM.TOTL.FE.ZS,5.484000206,5.070000172
Ireland,IRL,"Unemployment, male (% of male labor force) (modeled ILO estimate)",SL.UEM.TOTL.MA.ZS,5.864999771,5.462999821
Ireland,IRL,"Unemployment, total (% of total labor force) (modeled ILO estimate)",SL.UEM.TOTL.ZS,5.690999985,5.28399992
Ireland,IRL,"Population, total",SP.POP.TOTL,4853506,..
Ireland,IRL,Population in the largest city (% of urban population),EN.URB.LCTY.UR.ZS,39.18596459,..
Ireland,IRL,"Government expenditure on education, total (% of GDP)",SE.XPD.TOTL.GD.ZS,..,..
Ireland,IRL,Population ages 65 and above (% of total population),SP.POP.65UP.TO.ZS,13.8658017,..
Isle of Man,IMN,GDP (current US$),NY.GDP.MKTP.CD,..,..
Isle of Man,IMN,GDP (constant LCU),NY.GDP.MKTP.KN,..,..
Isle of Man,IMN,"GDP, PPP (current international $)",NY.GDP.MKTP.PP.CD,..,..
Isle of Man,IMN,"Unemployment, female (% of female labor force) (modeled ILO estimate)",SL.UEM.TOTL.FE.ZS,..,..
Isle of Man,IMN,"Unemployment, male (% of male labor force) (modeled ILO estimate)",SL.UEM.TOTL.MA.ZS,..,..
Isle of Man,IMN,"Unemployment, total (% of total labor force) (modeled ILO estimate)",SL.UEM.TOTL.ZS,..,..
Isle of Man,IMN,"Population, total",SP.POP.TOTL,84077,..
Isle of Man,IMN,Population in the largest city (% of urban population),EN.URB.LCTY.UR.ZS,..,..
Isle of Man,IMN,"Government expenditure on education, total (% of GDP)",SE.XPD.TOTL.GD.ZS,..,..
Isle of Man,IMN,Population ages 65 and above (% of total population),SP.POP.65UP.TO.ZS,..,..
Israel,ISR,GDP (current US$),NY.GDP.MKTP.CD,3.70588E+11,..
Israel,ISR,GDP (constant LCU),NY.GDP.MKTP.KN,1.29791E+12,..
Israel,ISR,"GDP, PPP (current international $)",NY.GDP.MKTP.PP.CD,3.54634E+11,..
Israel,ISR,"Unemployment, female (% of female labor force) (modeled ILO estimate)",SL.UEM.TOTL.FE.ZS,3.961999893,3.948999882
Israel,ISR,"Unemployment, male (% of male labor force) (modeled ILO estimate)",SL.UEM.TOTL.MA.ZS,3.938999891,3.914999962
Israel,ISR,"Unemployment, total (% of total labor force) (modeled ILO estimate)",SL.UEM.TOTL.ZS,3.950000048,3.930999994
Israel,ISR,"Population, total",SP.POP.TOTL,8883800,..
Israel,ISR,Population in the largest city (% of urban population),EN.URB.LCTY.UR.ZS,48.85340606,..
Israel,ISR,"Government expenditure on education, total (% of GDP)",SE.XPD.TOTL.GD.ZS,..,..
Israel,ISR,Population ages 65 and above (% of total population),SP.POP.65UP.TO.ZS,11.97698602,..
Italy,ITA,GDP (current US$),NY.GDP.MKTP.CD,2.08386E+12,..
Italy,ITA,GDP (constant LCU),NY.GDP.MKTP.KN,1.71852E+12,..
Italy,ITA,"GDP, PPP (current international $)",NY.GDP.MKTP.PP.CD,2.52787E+12,..
Italy,ITA,"Unemployment, female (% of female labor force) (modeled ILO estimate)",SL.UEM.TOTL.FE.ZS,11.21800041,9.954999924
Italy,ITA,"Unemployment, male (% of male labor force) (modeled ILO estimate)",SL.UEM.TOTL.MA.ZS,9.463999748,8.671999931
Italy,ITA,"Unemployment, total (% of total labor force) (modeled ILO estimate)",SL.UEM.TOTL.ZS,10.20499992,9.215000153
Italy,ITA,"Population, total",SP.POP.TOTL,60431283,..
Italy,ITA,Population in the largest city (% of urban population),EN.URB.LCTY.UR.ZS,9.889705275,..
Italy,ITA,"Government expenditure on education, total (% of GDP)",SE.XPD.TOTL.GD.ZS,..,..
Italy,ITA,Population ages 65 and above (% of total population),SP.POP.65UP.TO.ZS,22.7516796,..
Jamaica,JAM,GDP (current US$),NY.GDP.MKTP.CD,15713908816,..
Jamaica,JAM,GDP (constant LCU),NY.GDP.MKTP.KN,8.92472E+11,..
Jamaica,JAM,"GDP, PPP (current international $)",NY.GDP.MKTP.PP.CD,27372406646,..
Jamaica,JAM,"Unemployment, female (% of female labor force) (modeled ILO estimate)",SL.UEM.TOTL.FE.ZS,12.25899982,12.5369997
Jamaica,JAM,"Unemployment, male (% of male labor force) (modeled ILO estimate)",SL.UEM.TOTL.MA.ZS,7.083000183,6.987999916
Jamaica,JAM,"Unemployment, total (% of total labor force) (modeled ILO estimate)",SL.UEM.TOTL.ZS,9.444999695,9.524000168
Jamaica,JAM,"Population, total",SP.POP.TOTL,2934855,..
Jamaica,JAM,Population in the largest city (% of urban population),EN.URB.LCTY.UR.ZS,36.05267233,..
Jamaica,JAM,"Government expenditure on education, total (% of GDP)",SE.XPD.TOTL.GD.ZS,5.40731,..
Jamaica,JAM,Population ages 65 and above (% of total population),SP.POP.65UP.TO.ZS,8.796642551,..
Japan,JPN,GDP (current US$),NY.GDP.MKTP.CD,4.97132E+12,..
Japan,JPN,GDP (constant LCU),NY.GDP.MKTP.KN,5.49162E+14,..
Japan,JPN,"GDP, PPP (current international $)",NY.GDP.MKTP.PP.CD,5.41512E+12,..
Japan,JPN,"Unemployment, female (% of female labor force) (modeled ILO estimate)",SL.UEM.TOTL.FE.ZS,2.311000109,2.336999893
Japan,JPN,"Unemployment, male (% of male labor force) (modeled ILO estimate)",SL.UEM.TOTL.MA.ZS,2.548000097,2.460000038
Japan,JPN,"Unemployment, total (% of total labor force) (modeled ILO estimate)",SL.UEM.TOTL.ZS,2.444999933,2.405999899
Japan,JPN,"Population, total",SP.POP.TOTL,126529100,..
Japan,JPN,Population in the largest city (% of urban population),EN.URB.LCTY.UR.ZS,32.32230081,..
Japan,JPN,"Government expenditure on education, total (% of GDP)",SE.XPD.TOTL.GD.ZS,..,..
Japan,JPN,Population ages 65 and above (% of total population),SP.POP.65UP.TO.ZS,27.57636991,..
Jordan,JOR,GDP (current US$),NY.GDP.MKTP.CD,42231295775,..
Jordan,JOR,GDP (constant LCU),NY.GDP.MKTP.KN,28969800000,..
Jordan,JOR,"GDP, PPP (current international $)",NY.GDP.MKTP.PP.CD,94372078341,..
Jordan,JOR,"Unemployment, female (% of female labor force) (modeled ILO estimate)",SL.UEM.TOTL.FE.ZS,22.95999908,22.92200089
Jordan,JOR,"Unemployment, male (% of male labor force) (modeled ILO estimate)",SL.UEM.TOTL.MA.ZS,13.31000042,13.21000004
Jordan,JOR,"Unemployment, total (% of total labor force) (modeled ILO estimate)",SL.UEM.TOTL.ZS,15.02499962,14.94499969
Jordan,JOR,"Population, total",SP.POP.TOTL,9956011,..
Jordan,JOR,Population in the largest city (% of urban population),EN.URB.LCTY.UR.ZS,22.79321682,..
Jordan,JOR,"Government expenditure on education, total (% of GDP)",SE.XPD.TOTL.GD.ZS,3.58851,..
Jordan,JOR,Population ages 65 and above (% of total population),SP.POP.65UP.TO.ZS,3.846490398,..
Kazakhstan,KAZ,GDP (current US$),NY.GDP.MKTP.CD,1.7934E+11,..
Kazakhstan,KAZ,GDP (constant LCU),NY.GDP.MKTP.KN,1.41483E+13,..
Kazakhstan,KAZ,"GDP, PPP (current international $)",NY.GDP.MKTP.PP.CD,5.09544E+11,..
Kazakhstan,KAZ,"Unemployment, female (% of female labor force) (modeled ILO estimate)",SL.UEM.TOTL.FE.ZS,5.625,6.211999893
Kazakhstan,KAZ,"Unemployment, male (% of male labor force) (modeled ILO estimate)",SL.UEM.TOTL.MA.ZS,4.188000202,4.684000015
Kazakhstan,KAZ,"Unemployment, total (% of total labor force) (modeled ILO estimate)",SL.UEM.TOTL.ZS,4.885000229,5.425000191
Kazakhstan,KAZ,"Population, total",SP.POP.TOTL,18276499,..
Kazakhstan,KAZ,Population in the largest city (% of urban population),EN.URB.LCTY.UR.ZS,17.42601918,..
Kazakhstan,KAZ,"Government expenditure on education, total (% of GDP)",SE.XPD.TOTL.GD.ZS,2.75095,..
Kazakhstan,KAZ,Population ages 65 and above (% of total population),SP.POP.65UP.TO.ZS,7.391846271,..
Kenya,KEN,GDP (current US$),NY.GDP.MKTP.CD,87908262520,..
Kenya,KEN,GDP (constant LCU),NY.GDP.MKTP.KN,4.79483E+12,..
Kenya,KEN,"GDP, PPP (current international $)",NY.GDP.MKTP.PP.CD,1.78208E+11,..
Kenya,KEN,"Unemployment, female (% of female labor force) (modeled ILO estimate)",SL.UEM.TOTL.FE.ZS,9.229000092,9.171999931
Kenya,KEN,"Unemployment, male (% of male labor force) (modeled ILO estimate)",SL.UEM.TOTL.MA.ZS,9.392999649,9.430999756
Kenya,KEN,"Unemployment, total (% of total labor force) (modeled ILO estimate)",SL.UEM.TOTL.ZS,9.312999725,9.305000305
Kenya,KEN,"Population, total",SP.POP.TOTL,51393010,..
Kenya,KEN,Population in the largest city (% of urban population),EN.URB.LCTY.UR.ZS,31.57213557,..
Kenya,KEN,"Government expenditure on education, total (% of GDP)",SE.XPD.TOTL.GD.ZS,5.32024,..
Kenya,KEN,Population ages 65 and above (% of total population),SP.POP.65UP.TO.ZS,2.339186612,..
Kiribati,KIR,GDP (current US$),NY.GDP.MKTP.CD,188284518.8,..
Kiribati,KIR,GDP (constant LCU),NY.GDP.MKTP.KN,191000000,..
Kiribati,KIR,"GDP, PPP (current international $)",NY.GDP.MKTP.PP.CD,265743788.8,..
Kiribati,KIR,"Unemployment, female (% of female labor force) (modeled ILO estimate)",SL.UEM.TOTL.FE.ZS,..,..
Kiribati,KIR,"Unemployment, male (% of male labor force) (modeled ILO estimate)",SL.UEM.TOTL.MA.ZS,..,..
Kiribati,KIR,"Unemployment, total (% of total labor force) (modeled ILO estimate)",SL.UEM.TOTL.ZS,..,..
Kiribati,KIR,"Population, total",SP.POP.TOTL,115847,..
Kiribati,KIR,Population in the largest city (% of urban population),EN.URB.LCTY.UR.ZS,..,..
Kiribati,KIR,"Government expenditure on education, total (% of GDP)",SE.XPD.TOTL.GD.ZS,..,..
Kiribati,KIR,Population ages 65 and above (% of total population),SP.POP.65UP.TO.ZS,3.952627172,..
"Korea, Dem. People’s Rep.",PRK,GDP (current US$),NY.GDP.MKTP.CD,..,..
"Korea, Dem. People’s Rep.",PRK,GDP (constant LCU),NY.GDP.MKTP.KN,..,..
"Korea, Dem. People’s Rep.",PRK,"GDP, PPP (current international $)",NY.GDP.MKTP.PP.CD,..,..
"Korea, Dem. People’s Rep.",PRK,"Unemployment, female (% of female labor force) (modeled ILO estimate)",SL.UEM.TOTL.FE.ZS,2.960999966,2.954999924
"Korea, Dem. People’s Rep.",PRK,"Unemployment, male (% of male labor force) (modeled ILO estimate)",SL.UEM.TOTL.MA.ZS,3.61500001,3.615999937
"Korea, Dem. People’s Rep.",PRK,"Unemployment, total (% of total labor force) (modeled ILO estimate)",SL.UEM.TOTL.ZS,3.302999973,3.301000118
"Korea, Dem. People’s Rep.",PRK,"Population, total",SP.POP.TOTL,25549819,..
"Korea, Dem. People’s Rep.",PRK,Population in the largest city (% of urban population),EN.URB.LCTY.UR.ZS,19.20863894,..
"Korea, Dem. People’s Rep.",PRK,"Government expenditure on education, total (% of GDP)",SE.XPD.TOTL.GD.ZS,..,..
"Korea, Dem. People’s Rep.",PRK,Population ages 65 and above (% of total population),SP.POP.65UP.TO.ZS,9.33452041,..
"Korea, Rep.",KOR,GDP (current US$),NY.GDP.MKTP.CD,1.61942E+12,..
"Korea, Rep.",KOR,GDP (constant LCU),NY.GDP.MKTP.KN,1.60E+15,..
"Korea, Rep.",KOR,"GDP, PPP (current international $)",NY.GDP.MKTP.PP.CD,2.07118E+12,..
"Korea, Rep.",KOR,"Unemployment, female (% of female labor force) (modeled ILO estimate)",SL.UEM.TOTL.FE.ZS,3.677999973,3.507999897
"Korea, Rep.",KOR,"Unemployment, male (% of male labor force) (modeled ILO estimate)",SL.UEM.TOTL.MA.ZS,3.881000042,3.864000082
"Korea, Rep.",KOR,"Unemployment, total (% of total labor force) (modeled ILO estimate)",SL.UEM.TOTL.ZS,3.795000076,3.713999987
"Korea, Rep.",KOR,"Population, total",SP.POP.TOTL,51635256,..
"Korea, Rep.",KOR,Population in the largest city (% of urban population),EN.URB.LCTY.UR.ZS,23.68789053,..
"Korea, Rep.",KOR,"Government expenditure on education, total (% of GDP)",SE.XPD.TOTL.GD.ZS,..,..
"Korea, Rep.",KOR,Population ages 65 and above (% of total population),SP.POP.65UP.TO.ZS,14.41855583,..
Kosovo,XKX,GDP (current US$),NY.GDP.MKTP.CD,7938990793,..
Kosovo,XKX,GDP (constant LCU),NY.GDP.MKTP.KN,5472987470,..
Kosovo,XKX,"GDP, PPP (current international $)",NY.GDP.MKTP.PP.CD,20941135072,..
Kosovo,XKX,"Unemployment, female (% of female labor force) (modeled ILO estimate)",SL.UEM.TOTL.FE.ZS,..,..
Kosovo,XKX,"Unemployment, male (% of male labor force) (modeled ILO estimate)",SL.UEM.TOTL.MA.ZS,..,..
Kosovo,XKX,"Unemployment, total (% of total labor force) (modeled ILO estimate)",SL.UEM.TOTL.ZS,..,..
Kosovo,XKX,"Population, total",SP.POP.TOTL,1845300,..
Kosovo,XKX,Population in the largest city (% of urban population),EN.URB.LCTY.UR.ZS,..,..
Kosovo,XKX,"Government expenditure on education, total (% of GDP)",SE.XPD.TOTL.GD.ZS,..,..
Kosovo,XKX,Population ages 65 and above (% of total population),SP.POP.65UP.TO.ZS,..,..
Kuwait,KWT,GDP (current US$),NY.GDP.MKTP.CD,1.40645E+11,..
Kuwait,KWT,GDP (constant LCU),NY.GDP.MKTP.KN,39262800000,..
Kuwait,KWT,"GDP, PPP (current international $)",NY.GDP.MKTP.PP.CD,3.016E+11,..
Kuwait,KWT,"Unemployment, female (% of female labor force) (modeled ILO estimate)",SL.UEM.TOTL.FE.ZS,4.614999771,4.675000191
Kuwait,KWT,"Unemployment, male (% of male labor force) (modeled ILO estimate)",SL.UEM.TOTL.MA.ZS,0.885999978,0.994000018
Kuwait,KWT,"Unemployment, total (% of total labor force) (modeled ILO estimate)",SL.UEM.TOTL.ZS,2.075999975,2.164999962
Kuwait,KWT,"Population, total",SP.POP.TOTL,4137309,..
Kuwait,KWT,Population in the largest city (% of urban population),EN.URB.LCTY.UR.ZS,72.25155288,..
Kuwait,KWT,"Government expenditure on education, total (% of GDP)",SE.XPD.TOTL.GD.ZS,..,..
Kuwait,KWT,Population ages 65 and above (% of total population),SP.POP.65UP.TO.ZS,2.550472384,..
Kyrgyz Republic,KGZ,GDP (current US$),NY.GDP.MKTP.CD,8092836609,..
Kyrgyz Republic,KGZ,GDP (constant LCU),NY.GDP.MKTP.KN,45434710786,..
Kyrgyz Republic,KGZ,"GDP, PPP (current international $)",NY.GDP.MKTP.PP.CD,24535043897,..
Kyrgyz Republic,KGZ,"Unemployment, female (% of female labor force) (modeled ILO estimate)",SL.UEM.TOTL.FE.ZS,8.862999916,8.940999985
Kyrgyz Republic,KGZ,"Unemployment, male (% of male labor force) (modeled ILO estimate)",SL.UEM.TOTL.MA.ZS,6.044000149,6.30700016
Kyrgyz Republic,KGZ,"Unemployment, total (% of total labor force) (modeled ILO estimate)",SL.UEM.TOTL.ZS,7.170000076,7.355999947
Kyrgyz Republic,KGZ,"Population, total",SP.POP.TOTL,6315800,..
Kyrgyz Republic,KGZ,Population in the largest city (% of urban population),EN.URB.LCTY.UR.ZS,43.39640639,..
Kyrgyz Republic,KGZ,"Government expenditure on education, total (% of GDP)",SE.XPD.TOTL.GD.ZS,..,..
Kyrgyz Republic,KGZ,Population ages 65 and above (% of total population),SP.POP.65UP.TO.ZS,4.494727976,..
Lao PDR,LAO,GDP (current US$),NY.GDP.MKTP.CD,17953786416,..
Lao PDR,LAO,GDP (constant LCU),NY.GDP.MKTP.KN,1.23696E+14,..
Lao PDR,LAO,"GDP, PPP (current international $)",NY.GDP.MKTP.PP.CD,52534782954,..
Lao PDR,LAO,"Unemployment, female (% of female labor force) (modeled ILO estimate)",SL.UEM.TOTL.FE.ZS,0.558000028,0.526000023
Lao PDR,LAO,"Unemployment, male (% of male labor force) (modeled ILO estimate)",SL.UEM.TOTL.MA.ZS,0.660000026,0.621999979
Lao PDR,LAO,"Unemployment, total (% of total labor force) (modeled ILO estimate)",SL.UEM.TOTL.ZS,0.609000027,0.574000001
Lao PDR,LAO,"Population, total",SP.POP.TOTL,7061507,..
Lao PDR,LAO,Population in the largest city (% of urban population),EN.URB.LCTY.UR.ZS,26.89341009,..
Lao PDR,LAO,"Government expenditure on education, total (% of GDP)",SE.XPD.TOTL.GD.ZS,..,..
Lao PDR,LAO,Population ages 65 and above (% of total population),SP.POP.65UP.TO.ZS,4.075149964,..
Latvia,LVA,GDP (current US$),NY.GDP.MKTP.CD,34409229178,..
Latvia,LVA,GDP (constant LCU),NY.GDP.MKTP.KN,26992920000,..
Latvia,LVA,"GDP, PPP (current international $)",NY.GDP.MKTP.PP.CD,58383571139,..
Latvia,LVA,"Unemployment, female (% of female labor force) (modeled ILO estimate)",SL.UEM.TOTL.FE.ZS,6.798999786,7.447999954
Latvia,LVA,"Unemployment, male (% of male labor force) (modeled ILO estimate)",SL.UEM.TOTL.MA.ZS,8.913999557,8.998999596
Latvia,LVA,"Unemployment, total (% of total labor force) (modeled ILO estimate)",SL.UEM.TOTL.ZS,7.856999874,8.222999573
Latvia,LVA,"Population, total",SP.POP.TOTL,1926542,..
Latvia,LVA,Population in the largest city (% of urban population),EN.URB.LCTY.UR.ZS,48.5296134,..
Latvia,LVA,"Government expenditure on education, total (% of GDP)",SE.XPD.TOTL.GD.ZS,..,..
Latvia,LVA,Population ages 65 and above (% of total population),SP.POP.65UP.TO.ZS,20.04362032,..
Lebanon,LBN,GDP (current US$),NY.GDP.MKTP.CD,56639155556,..
Lebanon,LBN,GDP (constant LCU),NY.GDP.MKTP.KN,6.45273E+13,..
Lebanon,LBN,"GDP, PPP (current international $)",NY.GDP.MKTP.PP.CD,89591523930,..
Lebanon,LBN,"Unemployment, female (% of female labor force) (modeled ILO estimate)",SL.UEM.TOTL.FE.ZS,9.848999977,9.857000351
Lebanon,LBN,"Unemployment, male (% of male labor force) (modeled ILO estimate)",SL.UEM.TOTL.MA.ZS,4.954999924,4.987999916
Lebanon,LBN,"Unemployment, total (% of total labor force) (modeled ILO estimate)",SL.UEM.TOTL.ZS,6.166999817,6.196000099
Lebanon,LBN,"Population, total",SP.POP.TOTL,6848925,..
Lebanon,LBN,Population in the largest city (% of urban population),EN.URB.LCTY.UR.ZS,39.31116534,..
Lebanon,LBN,"Government expenditure on education, total (% of GDP)",SE.XPD.TOTL.GD.ZS,..,..
Lebanon,LBN,Population ages 65 and above (% of total population),SP.POP.65UP.TO.ZS,7.002368134,..
Lesotho,LSO,GDP (current US$),NY.GDP.MKTP.CD,2738786278,..
Lesotho,LSO,GDP (constant LCU),NY.GDP.MKTP.KN,24199723058,..
Lesotho,LSO,"GDP, PPP (current international $)",NY.GDP.MKTP.PP.CD,6787040655,..
Lesotho,LSO,"Unemployment, female (% of female labor force) (modeled ILO estimate)",SL.UEM.TOTL.FE.ZS,26.93700027,26.71999931
Lesotho,LSO,"Unemployment, male (% of male labor force) (modeled ILO estimate)",SL.UEM.TOTL.MA.ZS,20.66399956,20.64100075
Lesotho,LSO,"Unemployment, total (% of total labor force) (modeled ILO estimate)",SL.UEM.TOTL.ZS,23.59600067,23.47500038
Lesotho,LSO,"Population, total",SP.POP.TOTL,2108132,..
Lesotho,LSO,Population in the largest city (% of urban population),EN.URB.LCTY.UR.ZS,..,..
Lesotho,LSO,"Government expenditure on education, total (% of GDP)",SE.XPD.TOTL.GD.ZS,6.51166,..
Lesotho,LSO,Population ages 65 and above (% of total population),SP.POP.65UP.TO.ZS,4.901087497,..
Liberia,LBR,GDP (current US$),NY.GDP.MKTP.CD,3264000000,..
Liberia,LBR,GDP (constant LCU),NY.GDP.MKTP.KN,1436000000,..
Liberia,LBR,"GDP, PPP (current international $)",NY.GDP.MKTP.PP.CD,6306255635,..
Liberia,LBR,"Unemployment, female (% of female labor force) (modeled ILO estimate)",SL.UEM.TOTL.FE.ZS,2.049000025,2.048000097
Liberia,LBR,"Unemployment, male (% of male labor force) (modeled ILO estimate)",SL.UEM.TOTL.MA.ZS,2.019000053,2.016000032
Liberia,LBR,"Unemployment, total (% of total labor force) (modeled ILO estimate)",SL.UEM.TOTL.ZS,2.032999992,2.032000065
Liberia,LBR,"Population, total",SP.POP.TOTL,4818977,..
Liberia,LBR,Population in the largest city (% of urban population),EN.URB.LCTY.UR.ZS,57.53857575,..
Liberia,LBR,"Government expenditure on education, total (% of GDP)",SE.XPD.TOTL.GD.ZS,2.58412,..
Liberia,LBR,Population ages 65 and above (% of total population),SP.POP.65UP.TO.ZS,3.2534318,..
Libya,LBY,GDP (current US$),NY.GDP.MKTP.CD,48364208571,..
Libya,LBY,GDP (constant LCU),NY.GDP.MKTP.KN,32044579700,..
Libya,LBY,"GDP, PPP (current international $)",NY.GDP.MKTP.PP.CD,1.38675E+11,..
Libya,LBY,"Unemployment, female (% of female labor force) (modeled ILO estimate)",SL.UEM.TOTL.FE.ZS,24.60499954,24.51000023
Libya,LBY,"Unemployment, male (% of male labor force) (modeled ILO estimate)",SL.UEM.TOTL.MA.ZS,14.9119997,14.95499992
Libya,LBY,"Unemployment, total (% of total labor force) (modeled ILO estimate)",SL.UEM.TOTL.ZS,17.28700066,17.29999924
Libya,LBY,"Population, total",SP.POP.TOTL,6678567,..
Libya,LBY,Population in the largest city (% of urban population),EN.URB.LCTY.UR.ZS,21.64146322,..
Libya,LBY,"Government expenditure on education, total (% of GDP)",SE.XPD.TOTL.GD.ZS,..,..
Libya,LBY,Population ages 65 and above (% of total population),SP.POP.65UP.TO.ZS,4.392040259,..
Liechtenstein,LIE,GDP (current US$),NY.GDP.MKTP.CD,..,..
Liechtenstein,LIE,GDP (constant LCU),NY.GDP.MKTP.KN,..,..
Liechtenstein,LIE,"GDP, PPP (current international $)",NY.GDP.MKTP.PP.CD,..,..
Liechtenstein,LIE,"Unemployment, female (% of female labor force) (modeled ILO estimate)",SL.UEM.TOTL.FE.ZS,..,..
Liechtenstein,LIE,"Unemployment, male (% of male labor force) (modeled ILO estimate)",SL.UEM.TOTL.MA.ZS,..,..
Liechtenstein,LIE,"Unemployment, total (% of total labor force) (modeled ILO estimate)",SL.UEM.TOTL.ZS,..,..
Liechtenstein,LIE,"Population, total",SP.POP.TOTL,37910,..
Liechtenstein,LIE,Population in the largest city (% of urban population),EN.URB.LCTY.UR.ZS,..,..
Liechtenstein,LIE,"Government expenditure on education, total (% of GDP)",SE.XPD.TOTL.GD.ZS,..,..
Liechtenstein,LIE,Population ages 65 and above (% of total population),SP.POP.65UP.TO.ZS,..,..
Lithuania,LTU,GDP (current US$),NY.GDP.MKTP.CD,53429066429,..
Lithuania,LTU,GDP (constant LCU),NY.GDP.MKTP.KN,41355854400,..
Lithuania,LTU,"GDP, PPP (current international $)",NY.GDP.MKTP.PP.CD,98920631432,..
Lithuania,LTU,"Unemployment, female (% of female labor force) (modeled ILO estimate)",SL.UEM.TOTL.FE.ZS,5.513000011,6.234000206
Lithuania,LTU,"Unemployment, male (% of male labor force) (modeled ILO estimate)",SL.UEM.TOTL.MA.ZS,6.513999939,7.052999973
Lithuania,LTU,"Unemployment, total (% of total labor force) (modeled ILO estimate)",SL.UEM.TOTL.ZS,6.006999969,6.638000011
Lithuania,LTU,"Population, total",SP.POP.TOTL,2789533,..
Lithuania,LTU,Population in the largest city (% of urban population),EN.URB.LCTY.UR.ZS,28.39382646,..
Lithuania,LTU,"Government expenditure on education, total (% of GDP)",SE.XPD.TOTL.GD.ZS,..,..
Lithuania,LTU,Population ages 65 and above (% of total population),SP.POP.65UP.TO.ZS,19.70503316,..
Luxembourg,LUX,GDP (current US$),NY.GDP.MKTP.CD,70885325883,..
Luxembourg,LUX,GDP (constant LCU),NY.GDP.MKTP.KN,57152595000,..
Luxembourg,LUX,"GDP, PPP (current international $)",NY.GDP.MKTP.PP.CD,68878323882,..
Luxembourg,LUX,"Unemployment, female (% of female labor force) (modeled ILO estimate)",SL.UEM.TOTL.FE.ZS,5.717000008,5.767000198
Luxembourg,LUX,"Unemployment, male (% of male labor force) (modeled ILO estimate)",SL.UEM.TOTL.MA.ZS,5.260000229,5.111999989
Luxembourg,LUX,"Unemployment, total (% of total labor force) (modeled ILO estimate)",SL.UEM.TOTL.ZS,5.46999979,5.413000107
Luxembourg,LUX,"Population, total",SP.POP.TOTL,607728,..
Luxembourg,LUX,Population in the largest city (% of urban population),EN.URB.LCTY.UR.ZS,..,..
Luxembourg,LUX,"Government expenditure on education, total (% of GDP)",SE.XPD.TOTL.GD.ZS,..,..
Luxembourg,LUX,Population ages 65 and above (% of total population),SP.POP.65UP.TO.ZS,14.18315418,..
"Macao SAR, China",MAC,GDP (current US$),NY.GDP.MKTP.CD,55084050790,..
"Macao SAR, China",MAC,GDP (constant LCU),NY.GDP.MKTP.KN,4.29497E+11,..
"Macao SAR, China",MAC,"GDP, PPP (current international $)",NY.GDP.MKTP.PP.CD,78254752438,..
"Macao SAR, China",MAC,"Unemployment, female (% of female labor force) (modeled ILO estimate)",SL.UEM.TOTL.FE.ZS,1.641000032,1.646999955
"Macao SAR, China",MAC,"Unemployment, male (% of male labor force) (modeled ILO estimate)",SL.UEM.TOTL.MA.ZS,2.384000063,2.368999958
"Macao SAR, China",MAC,"Unemployment, total (% of total labor force) (modeled ILO estimate)",SL.UEM.TOTL.ZS,2.023000002,2.019000053
"Macao SAR, China",MAC,"Population, total",SP.POP.TOTL,631636,..
"Macao SAR, China",MAC,Population in the largest city (% of urban population),EN.URB.LCTY.UR.ZS,100,..
"Macao SAR, China",MAC,"Government expenditure on education, total (% of GDP)",SE.XPD.TOTL.GD.ZS,..,..
"Macao SAR, China",MAC,Population ages 65 and above (% of total population),SP.POP.65UP.TO.ZS,10.48420293,..
Madagascar,MDG,GDP (current US$),NY.GDP.MKTP.CD,13853432868,..
Madagascar,MDG,GDP (constant LCU),NY.GDP.MKTP.KN,2.12348E+13,..
Madagascar,MDG,"GDP, PPP (current international $)",NY.GDP.MKTP.PP.CD,49670559379,..
Madagascar,MDG,"Unemployment, female (% of female labor force) (modeled ILO estimate)",SL.UEM.TOTL.FE.ZS,1.784999967,1.802000046
Madagascar,MDG,"Unemployment, male (% of male labor force) (modeled ILO estimate)",SL.UEM.TOTL.MA.ZS,1.536999941,1.496000051
Madagascar,MDG,"Unemployment, total (% of total labor force) (modeled ILO estimate)",SL.UEM.TOTL.ZS,1.659000039,1.644999981
Madagascar,MDG,"Population, total",SP.POP.TOTL,26262368,..
Madagascar,MDG,Population in the largest city (% of urban population),EN.URB.LCTY.UR.ZS,31.31271413,..
Madagascar,MDG,"Government expenditure on education, total (% of GDP)",SE.XPD.TOTL.GD.ZS,3.23481,..
Madagascar,MDG,Population ages 65 and above (% of total population),SP.POP.65UP.TO.ZS,2.986717126,..
Malawi,MWI,GDP (current US$),NY.GDP.MKTP.CD,7064971176,..
Malawi,MWI,GDP (constant LCU),NY.GDP.MKTP.KN,1.41091E+12,..
Malawi,MWI,"GDP, PPP (current international $)",NY.GDP.MKTP.PP.CD,23785805318,..
Malawi,MWI,"Unemployment, female (% of female labor force) (modeled ILO estimate)",SL.UEM.TOTL.FE.ZS,6.440000057,6.381999969
Malawi,MWI,"Unemployment, male (% of male labor force) (modeled ILO estimate)",SL.UEM.TOTL.MA.ZS,4.491000175,4.441999912
Malawi,MWI,"Unemployment, total (% of total labor force) (modeled ILO estimate)",SL.UEM.TOTL.ZS,5.429999828,5.375
Malawi,MWI,"Population, total",SP.POP.TOTL,18143315,..
Malawi,MWI,Population in the largest city (% of urban population),EN.URB.LCTY.UR.ZS,33.50671817,..
Malawi,MWI,"Government expenditure on education, total (% of GDP)",SE.XPD.TOTL.GD.ZS,4.71484,..
Malawi,MWI,Population ages 65 and above (% of total population),SP.POP.65UP.TO.ZS,2.64543493,..
Malaysia,MYS,GDP (current US$),NY.GDP.MKTP.CD,3.58582E+11,..
Malaysia,MYS,GDP (constant LCU),NY.GDP.MKTP.KN,1.36153E+12,..
Malaysia,MYS,"GDP, PPP (current international $)",NY.GDP.MKTP.PP.CD,1.00205E+12,..
Malaysia,MYS,"Unemployment, female (% of female labor force) (modeled ILO estimate)",SL.UEM.TOTL.FE.ZS,3.811000109,3.815999985
Malaysia,MYS,"Unemployment, male (% of male labor force) (modeled ILO estimate)",SL.UEM.TOTL.MA.ZS,3.08100009,3.141000032
Malaysia,MYS,"Unemployment, total (% of total labor force) (modeled ILO estimate)",SL.UEM.TOTL.ZS,3.359999895,3.398999929
Malaysia,MYS,"Population, total",SP.POP.TOTL,31528585,..
Malaysia,MYS,Population in the largest city (% of urban population),EN.URB.LCTY.UR.ZS,31.55169706,..
Malaysia,MYS,"Government expenditure on education, total (% of GDP)",SE.XPD.TOTL.GD.ZS,4.53477,..
Malaysia,MYS,Population ages 65 and above (% of total population),SP.POP.65UP.TO.ZS,6.671754625,..
Maldives,MDV,GDP (current US$),NY.GDP.MKTP.CD,5327457150,..
Maldives,MDV,GDP (constant LCU),NY.GDP.MKTP.KN,71025890100,..
Maldives,MDV,"GDP, PPP (current international $)",NY.GDP.MKTP.PP.CD,7894130972,..
Maldives,MDV,"Unemployment, female (% of female labor force) (modeled ILO estimate)",SL.UEM.TOTL.FE.ZS,5.679999828,5.979000092
Maldives,MDV,"Unemployment, male (% of male labor force) (modeled ILO estimate)",SL.UEM.TOTL.MA.ZS,6.217999935,6.556000233
Maldives,MDV,"Unemployment, total (% of total labor force) (modeled ILO estimate)",SL.UEM.TOTL.ZS,6.074999809,6.402999878
Maldives,MDV,"Population, total",SP.POP.TOTL,515696,..
Maldives,MDV,Population in the largest city (% of urban population),EN.URB.LCTY.UR.ZS,..,..
Maldives,MDV,"Government expenditure on education, total (% of GDP)",SE.XPD.TOTL.GD.ZS,..,..
Maldives,MDV,Population ages 65 and above (% of total population),SP.POP.65UP.TO.ZS,3.703344606,..
Mali,MLI,GDP (current US$),NY.GDP.MKTP.CD,17163432832,..
Mali,MLI,GDP (constant LCU),NY.GDP.MKTP.KN,5.17283E+12,..
Mali,MLI,"GDP, PPP (current international $)",NY.GDP.MKTP.PP.CD,44196429739,..
Mali,MLI,"Unemployment, female (% of female labor force) (modeled ILO estimate)",SL.UEM.TOTL.FE.ZS,11.27299976,11.56400013
Mali,MLI,"Unemployment, male (% of male labor force) (modeled ILO estimate)",SL.UEM.TOTL.MA.ZS,8.244000435,8.388999939
Mali,MLI,"Unemployment, total (% of total labor force) (modeled ILO estimate)",SL.UEM.TOTL.ZS,9.569000244,9.776000023
Mali,MLI,"Population, total",SP.POP.TOTL,19077690,..
Mali,MLI,Population in the largest city (% of urban population),EN.URB.LCTY.UR.ZS,30.27950091,..
Mali,MLI,"Government expenditure on education, total (% of GDP)",SE.XPD.TOTL.GD.ZS,..,..
Mali,MLI,Population ages 65 and above (% of total population),SP.POP.65UP.TO.ZS,2.507229758,..
Malta,MLT,GDP (current US$),NY.GDP.MKTP.CD,14553422929,..
Malta,MLT,GDP (constant LCU),NY.GDP.MKTP.KN,10429104129,..
Malta,MLT,"GDP, PPP (current international $)",NY.GDP.MKTP.PP.CD,20589238249,..
Malta,MLT,"Unemployment, female (% of female labor force) (modeled ILO estimate)",SL.UEM.TOTL.FE.ZS,4.56400013,4.714000225
Malta,MLT,"Unemployment, male (% of male labor force) (modeled ILO estimate)",SL.UEM.TOTL.MA.ZS,4.596000195,4.570000172
Malta,MLT,"Unemployment, total (% of total labor force) (modeled ILO estimate)",SL.UEM.TOTL.ZS,4.583000183,4.626999855
Malta,MLT,"Population, total",SP.POP.TOTL,483530,..
Malta,MLT,Population in the largest city (% of urban population),EN.URB.LCTY.UR.ZS,..,..
Malta,MLT,"Government expenditure on education, total (% of GDP)",SE.XPD.TOTL.GD.ZS,..,..
Malta,MLT,Population ages 65 and above (% of total population),SP.POP.65UP.TO.ZS,20.3493243,..
Marshall Islands,MHL,GDP (current US$),NY.GDP.MKTP.CD,221278000,..
Marshall Islands,MHL,GDP (constant LCU),NY.GDP.MKTP.KN,201651800,..
Marshall Islands,MHL,"GDP, PPP (current international $)",NY.GDP.MKTP.PP.CD,233011656.7,..
Marshall Islands,MHL,"Unemployment, female (% of female labor force) (modeled ILO estimate)",SL.UEM.TOTL.FE.ZS,..,..
Marshall Islands,MHL,"Unemployment, male (% of male labor force) (modeled ILO estimate)",SL.UEM.TOTL.MA.ZS,..,..
Marshall Islands,MHL,"Unemployment, total (% of total labor force) (modeled ILO estimate)",SL.UEM.TOTL.ZS,..,..
Marshall Islands,MHL,"Population, total",SP.POP.TOTL,58413,..
Marshall Islands,MHL,Population in the largest city (% of urban population),EN.URB.LCTY.UR.ZS,..,..
Marshall Islands,MHL,"Government expenditure on education, total (% of GDP)",SE.XPD.TOTL.GD.ZS,..,..
Marshall Islands,MHL,Population ages 65 and above (% of total population),SP.POP.65UP.TO.ZS,..,..
Mauritania,MRT,GDP (current US$),NY.GDP.MKTP.CD,5234817927,..
Mauritania,MRT,GDP (constant LCU),NY.GDP.MKTP.KN,91863000000,..
Mauritania,MRT,"GDP, PPP (current international $)",NY.GDP.MKTP.PP.CD,18278024136,..
Mauritania,MRT,"Unemployment, female (% of female labor force) (modeled ILO estimate)",SL.UEM.TOTL.FE.ZS,12.92599964,12.95899963
Mauritania,MRT,"Unemployment, male (% of male labor force) (modeled ILO estimate)",SL.UEM.TOTL.MA.ZS,9.102999687,9.111000061
Mauritania,MRT,"Unemployment, total (% of total labor force) (modeled ILO estimate)",SL.UEM.TOTL.ZS,10.30500031,10.32199955
Mauritania,MRT,"Population, total",SP.POP.TOTL,4403319,..
Mauritania,MRT,Population in the largest city (% of urban population),EN.URB.LCTY.UR.ZS,51.00448558,..
Mauritania,MRT,"Government expenditure on education, total (% of GDP)",SE.XPD.TOTL.GD.ZS,..,..
Mauritania,MRT,Population ages 65 and above (% of total population),SP.POP.65UP.TO.ZS,3.141112158,..
Mauritius,MUS,GDP (current US$),NY.GDP.MKTP.CD,14220348673,..
Mauritius,MUS,GDP (constant LCU),NY.GDP.MKTP.KN,3.5831E+11,..
Mauritius,MUS,"GDP, PPP (current international $)",NY.GDP.MKTP.PP.CD,30052196420,..
Mauritius,MUS,"Unemployment, female (% of female labor force) (modeled ILO estimate)",SL.UEM.TOTL.FE.ZS,10.06099987,10.15699959
Mauritius,MUS,"Unemployment, male (% of male labor force) (modeled ILO estimate)",SL.UEM.TOTL.MA.ZS,4.791999817,4.71999979
Mauritius,MUS,"Unemployment, total (% of total labor force) (modeled ILO estimate)",SL.UEM.TOTL.ZS,6.867000103,6.868999958
Mauritius,MUS,"Population, total",SP.POP.TOTL,1265303,..
Mauritius,MUS,Population in the largest city (% of urban population),EN.URB.LCTY.UR.ZS,..,..
Mauritius,MUS,"Government expenditure on education, total (% of GDP)",SE.XPD.TOTL.GD.ZS,4.83459,..
Mauritius,MUS,Population ages 65 and above (% of total population),SP.POP.65UP.TO.ZS,11.47417307,..
Mexico,MEX,GDP (current US$),NY.GDP.MKTP.CD,1.2207E+12,..
Mexico,MEX,GDP (constant LCU),NY.GDP.MKTP.KN,1.85516E+13,..
Mexico,MEX,"GDP, PPP (current international $)",NY.GDP.MKTP.PP.CD,2.50421E+12,..
Mexico,MEX,"Unemployment, female (% of female labor force) (modeled ILO estimate)",SL.UEM.TOTL.FE.ZS,3.436000109,3.542000055
Mexico,MEX,"Unemployment, male (% of male labor force) (modeled ILO estimate)",SL.UEM.TOTL.MA.ZS,3.256999969,3.282999992
Mexico,MEX,"Unemployment, total (% of total labor force) (modeled ILO estimate)",SL.UEM.TOTL.ZS,3.322000027,3.378000021
Mexico,MEX,"Population, total",SP.POP.TOTL,126190788,..
Mexico,MEX,Population in the largest city (% of urban population),EN.URB.LCTY.UR.ZS,21.3355771,..
Mexico,MEX,"Government expenditure on education, total (% of GDP)",SE.XPD.TOTL.GD.ZS,..,..
Mexico,MEX,Population ages 65 and above (% of total population),SP.POP.65UP.TO.ZS,7.223684981,..
"Micronesia, Fed. Sts.",FSM,GDP (current US$),NY.GDP.MKTP.CD,401932279,..
"Micronesia, Fed. Sts.",FSM,GDP (constant LCU),NY.GDP.MKTP.KN,251081217.8,..
"Micronesia, Fed. Sts.",FSM,"GDP, PPP (current international $)",NY.GDP.MKTP.PP.CD,400216842.2,..
"Micronesia, Fed. Sts.",FSM,"Unemployment, female (% of female labor force) (modeled ILO estimate)",SL.UEM.TOTL.FE.ZS,..,..
"Micronesia, Fed. Sts.",FSM,"Unemployment, male (% of male labor force) (modeled ILO estimate)",SL.UEM.TOTL.MA.ZS,..,..
"Micronesia, Fed. Sts.",FSM,"Unemployment, total (% of total labor force) (modeled ILO estimate)",SL.UEM.TOTL.ZS,..,..
"Micronesia, Fed. Sts.",FSM,"Population, total",SP.POP.TOTL,112640,..
"Micronesia, Fed. Sts.",FSM,Population in the largest city (% of urban population),EN.URB.LCTY.UR.ZS,..,..
"Micronesia, Fed. Sts.",FSM,"Government expenditure on education, total (% of GDP)",SE.XPD.TOTL.GD.ZS,..,..
"Micronesia, Fed. Sts.",FSM,Population ages 65 and above (% of total population),SP.POP.65UP.TO.ZS,3.996803977,..
Moldova,MDA,GDP (current US$),NY.GDP.MKTP.CD,11443671436,..
Moldova,MDA,GDP (constant LCU),NY.GDP.MKTP.KN,1.17048E+11,..
Moldova,MDA,"GDP, PPP (current international $)",NY.GDP.MKTP.PP.CD,25784391462,..
Moldova,MDA,"Unemployment, female (% of female labor force) (modeled ILO estimate)",SL.UEM.TOTL.FE.ZS,2.974999905,2.996999979
Moldova,MDA,"Unemployment, male (% of male labor force) (modeled ILO estimate)",SL.UEM.TOTL.MA.ZS,3.825000048,4.429999828
Moldova,MDA,"Unemployment, total (% of total labor force) (modeled ILO estimate)",SL.UEM.TOTL.ZS,3.411000013,3.733999968
Moldova,MDA,"Population, total",SP.POP.TOTL,3545883,..
Moldova,MDA,Population in the largest city (% of urban population),EN.URB.LCTY.UR.ZS,33.72028098,..
Moldova,MDA,"Government expenditure on education, total (% of GDP)",SE.XPD.TOTL.GD.ZS,5.51108,..
Moldova,MDA,Population ages 65 and above (% of total population),SP.POP.65UP.TO.ZS,11.46955634,..
Monaco,MCO,GDP (current US$),NY.GDP.MKTP.CD,7184844193,..
Monaco,MCO,GDP (constant LCU),NY.GDP.MKTP.KN,5720647180,..
Monaco,MCO,"GDP, PPP (current international $)",NY.GDP.MKTP.PP.CD,..,..
Monaco,MCO,"Unemployment, female (% of female labor force) (modeled ILO estimate)",SL.UEM.TOTL.FE.ZS,..,..
Monaco,MCO,"Unemployment, male (% of male labor force) (modeled ILO estimate)",SL.UEM.TOTL.MA.ZS,..,..
Monaco,MCO,"Unemployment, total (% of total labor force) (modeled ILO estimate)",SL.UEM.TOTL.ZS,..,..
Monaco,MCO,"Population, total",SP.POP.TOTL,38682,..
Monaco,MCO,Population in the largest city (% of urban population),EN.URB.LCTY.UR.ZS,..,..
Monaco,MCO,"Government expenditure on education, total (% of GDP)",SE.XPD.TOTL.GD.ZS,..,..
Monaco,MCO,Population ages 65 and above (% of total population),SP.POP.65UP.TO.ZS,..,..
Mongolia,MNG,GDP (current US$),NY.GDP.MKTP.CD,13066749138,..
Mongolia,MNG,GDP (constant LCU),NY.GDP.MKTP.KN,1.81123E+13,..
Mongolia,MNG,"GDP, PPP (current international $)",NY.GDP.MKTP.PP.CD,43748568746,..
Mongolia,MNG,"Unemployment, female (% of female labor force) (modeled ILO estimate)",SL.UEM.TOTL.FE.ZS,5.863999844,5.907000065
Mongolia,MNG,"Unemployment, male (% of male labor force) (modeled ILO estimate)",SL.UEM.TOTL.MA.ZS,6.698999882,6.712999821
Mongolia,MNG,"Unemployment, total (% of total labor force) (modeled ILO estimate)",SL.UEM.TOTL.ZS,6.320000172,6.346000195
Mongolia,MNG,"Population, total",SP.POP.TOTL,3170208,..
Mongolia,MNG,Population in the largest city (% of urban population),EN.URB.LCTY.UR.ZS,70.06851629,..
Mongolia,MNG,"Government expenditure on education, total (% of GDP)",SE.XPD.TOTL.GD.ZS,..,..
Mongolia,MNG,Population ages 65 and above (% of total population),SP.POP.65UP.TO.ZS,4.083538787,..
Montenegro,MNE,GDP (current US$),NY.GDP.MKTP.CD,5504166667,..
Montenegro,MNE,GDP (constant LCU),NY.GDP.MKTP.KN,2980810700,..
Montenegro,MNE,"GDP, PPP (current international $)",NY.GDP.MKTP.PP.CD,12876309805,..
Montenegro,MNE,"Unemployment, female (% of female labor force) (modeled ILO estimate)",SL.UEM.TOTL.FE.ZS,15.85499954,16.02000046
Montenegro,MNE,"Unemployment, male (% of male labor force) (modeled ILO estimate)",SL.UEM.TOTL.MA.ZS,15.15299988,15.58300018
Montenegro,MNE,"Unemployment, total (% of total labor force) (modeled ILO estimate)",SL.UEM.TOTL.ZS,15.46199989,15.77600002
Montenegro,MNE,"Population, total",SP.POP.TOTL,622345,..
Montenegro,MNE,Population in the largest city (% of urban population),EN.URB.LCTY.UR.ZS,..,..
Montenegro,MNE,"Government expenditure on education, total (% of GDP)",SE.XPD.TOTL.GD.ZS,..,..
Montenegro,MNE,Population ages 65 and above (% of total population),SP.POP.65UP.TO.ZS,14.97493664,..
Morocco,MAR,GDP (current US$),NY.GDP.MKTP.CD,1.17921E+11,..
Morocco,MAR,GDP (constant LCU),NY.GDP.MKTP.KN,9.79508E+11,..
Morocco,MAR,"GDP, PPP (current international $)",NY.GDP.MKTP.PP.CD,3.15159E+11,..
Morocco,MAR,"Unemployment, female (% of female labor force) (modeled ILO estimate)",SL.UEM.TOTL.FE.ZS,10.3579998,10.35000038
Morocco,MAR,"Unemployment, male (% of male labor force) (modeled ILO estimate)",SL.UEM.TOTL.MA.ZS,8.619999886,8.607999802
Morocco,MAR,"Unemployment, total (% of total labor force) (modeled ILO estimate)",SL.UEM.TOTL.ZS,9.039999962,9.027999878
Morocco,MAR,"Population, total",SP.POP.TOTL,36029138,..
Morocco,MAR,Population in the largest city (% of urban population),EN.URB.LCTY.UR.ZS,16.3704746,..
Morocco,MAR,"Government expenditure on education, total (% of GDP)",SE.XPD.TOTL.GD.ZS,..,..
Morocco,MAR,Population ages 65 and above (% of total population),SP.POP.65UP.TO.ZS,7.012904821,..
Mozambique,MOZ,GDP (current US$),NY.GDP.MKTP.CD,14717223207,..
Mozambique,MOZ,GDP (constant LCU),NY.GDP.MKTP.KN,6.60376E+11,..
Mozambique,MOZ,"GDP, PPP (current international $)",NY.GDP.MKTP.PP.CD,43055208923,..
Mozambique,MOZ,"Unemployment, female (% of female labor force) (modeled ILO estimate)",SL.UEM.TOTL.FE.ZS,3.286000013,3.250999928
Mozambique,MOZ,"Unemployment, male (% of male labor force) (modeled ILO estimate)",SL.UEM.TOTL.MA.ZS,3.049999952,3.125999928
Mozambique,MOZ,"Unemployment, total (% of total labor force) (modeled ILO estimate)",SL.UEM.TOTL.ZS,3.171999931,3.190000057
Mozambique,MOZ,"Population, total",SP.POP.TOTL,29495962,..
Mozambique,MOZ,Population in the largest city (% of urban population),EN.URB.LCTY.UR.ZS,15.40641471,..
Mozambique,MOZ,"Government expenditure on education, total (% of GDP)",SE.XPD.TOTL.GD.ZS,5.59847,..
Mozambique,MOZ,Population ages 65 and above (% of total population),SP.POP.65UP.TO.ZS,2.890764457,..
Myanmar,MMR,GDP (current US$),NY.GDP.MKTP.CD,71214803378,..
Myanmar,MMR,GDP (constant LCU),NY.GDP.MKTP.KN,6.77853E+13,..
Myanmar,MMR,"GDP, PPP (current international $)",NY.GDP.MKTP.PP.CD,3.58451E+11,..
Myanmar,MMR,"Unemployment, female (% of female labor force) (modeled ILO estimate)",SL.UEM.TOTL.FE.ZS,2.065000057,2.105999947
Myanmar,MMR,"Unemployment, male (% of male labor force) (modeled ILO estimate)",SL.UEM.TOTL.MA.ZS,1.23300004,1.225000024
Myanmar,MMR,"Unemployment, total (% of total labor force) (modeled ILO estimate)",SL.UEM.TOTL.ZS,1.56400001,1.575000048
Myanmar,MMR,"Population, total",SP.POP.TOTL,53708395,..
Myanmar,MMR,Population in the largest city (% of urban population),EN.URB.LCTY.UR.ZS,31.40295394,..
Myanmar,MMR,"Government expenditure on education, total (% of GDP)",SE.XPD.TOTL.GD.ZS,1.9726,..
Myanmar,MMR,Population ages 65 and above (% of total population),SP.POP.65UP.TO.ZS,5.784641933,..
Namibia,NAM,GDP (current US$),NY.GDP.MKTP.CD,14521711634,..
Namibia,NAM,GDP (constant LCU),NY.GDP.MKTP.KN,1.08343E+11,..
Namibia,NAM,"GDP, PPP (current international $)",NY.GDP.MKTP.PP.CD,27180101703,..
Namibia,NAM,"Unemployment, female (% of female labor force) (modeled ILO estimate)",SL.UEM.TOTL.FE.ZS,24.70700073,24.87700081
Namibia,NAM,"Unemployment, male (% of male labor force) (modeled ILO estimate)",SL.UEM.TOTL.MA.ZS,21.59199905,21.6079998
Namibia,NAM,"Unemployment, total (% of total labor force) (modeled ILO estimate)",SL.UEM.TOTL.ZS,23.09499931,23.18700027
Namibia,NAM,"Population, total",SP.POP.TOTL,2448255,..
Namibia,NAM,Population in the largest city (% of urban population),EN.URB.LCTY.UR.ZS,33.00484688,..
Namibia,NAM,"Government expenditure on education, total (% of GDP)",SE.XPD.TOTL.GD.ZS,..,..
Namibia,NAM,Population ages 65 and above (% of total population),SP.POP.65UP.TO.ZS,3.636031681,..
Nauru,NRU,GDP (current US$),NY.GDP.MKTP.CD,125628504.3,..
Nauru,NRU,GDP (constant LCU),NY.GDP.MKTP.KN,121555000,..
Nauru,NRU,"GDP, PPP (current international $)",NY.GDP.MKTP.PP.CD,209670092.7,..
Nauru,NRU,"Unemployment, female (% of female labor force) (modeled ILO estimate)",SL.UEM.TOTL.FE.ZS,..,..
Nauru,NRU,"Unemployment, male (% of male labor force) (modeled ILO estimate)",SL.UEM.TOTL.MA.ZS,..,..
Nauru,NRU,"Unemployment, total (% of total labor force) (modeled ILO estimate)",SL.UEM.TOTL.ZS,..,..
Nauru,NRU,"Population, total",SP.POP.TOTL,12704,..
Nauru,NRU,Population in the largest city (% of urban population),EN.URB.LCTY.UR.ZS,..,..
Nauru,NRU,"Government expenditure on education, total (% of GDP)",SE.XPD.TOTL.GD.ZS,..,..
Nauru,NRU,Population ages 65 and above (% of total population),SP.POP.65UP.TO.ZS,..,..
Nepal,NPL,GDP (current US$),NY.GDP.MKTP.CD,29040398982,..
Nepal,NPL,GDP (constant LCU),NY.GDP.MKTP.KN,8.87455E+11,..
Nepal,NPL,"GDP, PPP (current international $)",NY.GDP.MKTP.PP.CD,86779060267,..
Nepal,NPL,"Unemployment, female (% of female labor force) (modeled ILO estimate)",SL.UEM.TOTL.FE.ZS,1.08099997,1.054999948
Nepal,NPL,"Unemployment, male (% of male labor force) (modeled ILO estimate)",SL.UEM.TOTL.MA.ZS,1.460999966,1.453999996
Nepal,NPL,"Unemployment, total (% of total labor force) (modeled ILO estimate)",SL.UEM.TOTL.ZS,1.264000058,1.246999979
Nepal,NPL,"Population, total",SP.POP.TOTL,28087871,..
Nepal,NPL,Population in the largest city (% of urban population),EN.URB.LCTY.UR.ZS,23.982703,..
Nepal,NPL,"Government expenditure on education, total (% of GDP)",SE.XPD.TOTL.GD.ZS,5.16365,..
Nepal,NPL,Population ages 65 and above (% of total population),SP.POP.65UP.TO.ZS,5.727670776,..
Netherlands,NLD,GDP (current US$),NY.GDP.MKTP.CD,9.13658E+11,..
Netherlands,NLD,GDP (constant LCU),NY.GDP.MKTP.KN,7.44505E+11,..
Netherlands,NLD,"GDP, PPP (current international $)",NY.GDP.MKTP.PP.CD,9.70605E+11,..
Netherlands,NLD,"Unemployment, female (% of female labor force) (modeled ILO estimate)",SL.UEM.TOTL.FE.ZS,4.231999874,4.168000221
Netherlands,NLD,"Unemployment, male (% of male labor force) (modeled ILO estimate)",SL.UEM.TOTL.MA.ZS,3.578000069,3.411000013
Netherlands,NLD,"Unemployment, total (% of total labor force) (modeled ILO estimate)",SL.UEM.TOTL.ZS,3.880000114,3.760999918
Netherlands,NLD,"Population, total",SP.POP.TOTL,17231017,..
Netherlands,NLD,Population in the largest city (% of urban population),EN.URB.LCTY.UR.ZS,7.178652856,..
Netherlands,NLD,"Government expenditure on education, total (% of GDP)",SE.XPD.TOTL.GD.ZS,..,..
Netherlands,NLD,Population ages 65 and above (% of total population),SP.POP.65UP.TO.ZS,19.19619263,..
New Caledonia,NCL,GDP (current US$),NY.GDP.MKTP.CD,..,..
New Caledonia,NCL,GDP (constant LCU),NY.GDP.MKTP.KN,..,..
New Caledonia,NCL,"GDP, PPP (current international $)",NY.GDP.MKTP.PP.CD,..,..
New Caledonia,NCL,"Unemployment, female (% of female labor force) (modeled ILO estimate)",SL.UEM.TOTL.FE.ZS,14.80500031,14.65799999
New Caledonia,NCL,"Unemployment, male (% of male labor force) (modeled ILO estimate)",SL.UEM.TOTL.MA.ZS,12.62100029,12.37899971
New Caledonia,NCL,"Unemployment, total (% of total labor force) (modeled ILO estimate)",SL.UEM.TOTL.ZS,13.61900043,13.42000008
New Caledonia,NCL,"Population, total",SP.POP.TOTL,284060,..
New Caledonia,NCL,Population in the largest city (% of urban population),EN.URB.LCTY.UR.ZS,..,..
New Caledonia,NCL,"Government expenditure on education, total (% of GDP)",SE.XPD.TOTL.GD.ZS,..,..
New Caledonia,NCL,Population ages 65 and above (% of total population),SP.POP.65UP.TO.ZS,9.174157925,..
New Zealand,NZL,GDP (current US$),NY.GDP.MKTP.CD,2.04924E+11,..
New Zealand,NZL,GDP (constant LCU),NY.GDP.MKTP.KN,2.7915E+11,..
New Zealand,NZL,"GDP, PPP (current international $)",NY.GDP.MKTP.PP.CD,2.00332E+11,..
New Zealand,NZL,"Unemployment, female (% of female labor force) (modeled ILO estimate)",SL.UEM.TOTL.FE.ZS,4.816999912,5.084000111
New Zealand,NZL,"Unemployment, male (% of male labor force) (modeled ILO estimate)",SL.UEM.TOTL.MA.ZS,4.256000042,4.55700016
New Zealand,NZL,"Unemployment, total (% of total labor force) (modeled ILO estimate)",SL.UEM.TOTL.ZS,4.521999836,4.80700016
New Zealand,NZL,"Population, total",SP.POP.TOTL,4885500,..
New Zealand,NZL,Population in the largest city (% of urban population),EN.URB.LCTY.UR.ZS,36.82458594,..
New Zealand,NZL,"Government expenditure on education, total (% of GDP)",SE.XPD.TOTL.GD.ZS,..,..
New Zealand,NZL,Population ages 65 and above (% of total population),SP.POP.65UP.TO.ZS,15.65242453,..
Nicaragua,NIC,GDP (current US$),NY.GDP.MKTP.CD,13117845417,..
Nicaragua,NIC,GDP (constant LCU),NY.GDP.MKTP.KN,1.79107E+11,..
Nicaragua,NIC,"GDP, PPP (current international $)",NY.GDP.MKTP.PP.CD,35777246339,..
Nicaragua,NIC,"Unemployment, female (% of female labor force) (modeled ILO estimate)",SL.UEM.TOTL.FE.ZS,5.311999798,5.631000042
Nicaragua,NIC,"Unemployment, male (% of male labor force) (modeled ILO estimate)",SL.UEM.TOTL.MA.ZS,3.941999912,4.377999783
Nicaragua,NIC,"Unemployment, total (% of total labor force) (modeled ILO estimate)",SL.UEM.TOTL.ZS,4.479000092,4.869999886
Nicaragua,NIC,"Population, total",SP.POP.TOTL,6465513,..
Nicaragua,NIC,Population in the largest city (% of urban population),EN.URB.LCTY.UR.ZS,27.69536978,..
Nicaragua,NIC,"Government expenditure on education, total (% of GDP)",SE.XPD.TOTL.GD.ZS,..,..
Nicaragua,NIC,Population ages 65 and above (% of total population),SP.POP.65UP.TO.ZS,5.247497448,..
Niger,NER,GDP (current US$),NY.GDP.MKTP.CD,9290938457,..
Niger,NER,GDP (constant LCU),NY.GDP.MKTP.KN,3.67217E+12,..
Niger,NER,"GDP, PPP (current international $)",NY.GDP.MKTP.PP.CD,23866321074,..
Niger,NER,"Unemployment, female (% of female labor force) (modeled ILO estimate)",SL.UEM.TOTL.FE.ZS,0.155000001,0.145999998
Niger,NER,"Unemployment, male (% of male labor force) (modeled ILO estimate)",SL.UEM.TOTL.MA.ZS,0.361999989,0.342000008
Niger,NER,"Unemployment, total (% of total labor force) (modeled ILO estimate)",SL.UEM.TOTL.ZS,0.273000002,0.256999999
Niger,NER,"Population, total",SP.POP.TOTL,22442948,..
Niger,NER,Population in the largest city (% of urban population),EN.URB.LCTY.UR.ZS,32.92722097,..
Niger,NER,"Government expenditure on education, total (% of GDP)",SE.XPD.TOTL.GD.ZS,4.9198,..
Niger,NER,Population ages 65 and above (% of total population),SP.POP.65UP.TO.ZS,2.595007883,..
Nigeria,NGA,GDP (current US$),NY.GDP.MKTP.CD,3.9727E+11,..
Nigeria,NGA,GDP (constant LCU),NY.GDP.MKTP.KN,7.05464E+13,..
Nigeria,NGA,"GDP, PPP (current international $)",NY.GDP.MKTP.PP.CD,1.17346E+12,..
Nigeria,NGA,"Unemployment, female (% of female labor force) (modeled ILO estimate)",SL.UEM.TOTL.FE.ZS,6.363999844,6.515999794
Nigeria,NGA,"Unemployment, male (% of male labor force) (modeled ILO estimate)",SL.UEM.TOTL.MA.ZS,5.743999958,5.763000011
Nigeria,NGA,"Unemployment, total (% of total labor force) (modeled ILO estimate)",SL.UEM.TOTL.ZS,6.026000023,6.105999947
Nigeria,NGA,"Population, total",SP.POP.TOTL,195874740,..
Nigeria,NGA,Population in the largest city (% of urban population),EN.URB.LCTY.UR.ZS,13.65303725,..
Nigeria,NGA,"Government expenditure on education, total (% of GDP)",SE.XPD.TOTL.GD.ZS,..,..
Nigeria,NGA,Population ages 65 and above (% of total population),SP.POP.65UP.TO.ZS,2.747377005,..
North Macedonia,MKD,GDP (current US$),NY.GDP.MKTP.CD,12672131053,..
North Macedonia,MKD,GDP (constant LCU),NY.GDP.MKTP.KN,4.47979E+11,..
North Macedonia,MKD,"GDP, PPP (current international $)",NY.GDP.MKTP.PP.CD,34074405985,..
North Macedonia,MKD,"Unemployment, female (% of female labor force) (modeled ILO estimate)",SL.UEM.TOTL.FE.ZS,20.27300072,20.52599907
North Macedonia,MKD,"Unemployment, male (% of male labor force) (modeled ILO estimate)",SL.UEM.TOTL.MA.ZS,22.37100029,22.25699997
North Macedonia,MKD,"Unemployment, total (% of total labor force) (modeled ILO estimate)",SL.UEM.TOTL.ZS,21.55200005,21.58099937
North Macedonia,MKD,"Population, total",SP.POP.TOTL,2082958,..
North Macedonia,MKD,Population in the largest city (% of urban population),EN.URB.LCTY.UR.ZS,48.38782618,..
North Macedonia,MKD,"Government expenditure on education, total (% of GDP)",SE.XPD.TOTL.GD.ZS,..,..
North Macedonia,MKD,Population ages 65 and above (% of total population),SP.POP.65UP.TO.ZS,13.67018138,..
Northern Mariana Islands,MNP,GDP (current US$),NY.GDP.MKTP.CD,1323000000,..
Northern Mariana Islands,MNP,GDP (constant LCU),NY.GDP.MKTP.KN,1066000000,..
Northern Mariana Islands,MNP,"GDP, PPP (current international $)",NY.GDP.MKTP.PP.CD,..,..
Northern Mariana Islands,MNP,"Unemployment, female (% of female labor force) (modeled ILO estimate)",SL.UEM.TOTL.FE.ZS,..,..
Northern Mariana Islands,MNP,"Unemployment, male (% of male labor force) (modeled ILO estimate)",SL.UEM.TOTL.MA.ZS,..,..
Northern Mariana Islands,MNP,"Unemployment, total (% of total labor force) (modeled ILO estimate)",SL.UEM.TOTL.ZS,..,..
Northern Mariana Islands,MNP,"Population, total",SP.POP.TOTL,56882,..
Northern Mariana Islands,MNP,Population in the largest city (% of urban population),EN.URB.LCTY.UR.ZS,..,..
Northern Mariana Islands,MNP,"Government expenditure on education, total (% of GDP)",SE.XPD.TOTL.GD.ZS,..,..
Northern Mariana Islands,MNP,Population ages 65 and above (% of total population),SP.POP.65UP.TO.ZS,..,..
Norway,NOR,GDP (current US$),NY.GDP.MKTP.CD,4.34167E+11,..
Norway,NOR,GDP (constant LCU),NY.GDP.MKTP.KN,3.25905E+12,..
Norway,NOR,"GDP, PPP (current international $)",NY.GDP.MKTP.PP.CD,3.48145E+11,..
Norway,NOR,"Unemployment, female (% of female labor force) (modeled ILO estimate)",SL.UEM.TOTL.FE.ZS,3.494999886,3.588999987
Norway,NOR,"Unemployment, male (% of male labor force) (modeled ILO estimate)",SL.UEM.TOTL.MA.ZS,4.297999859,4.304999828
Norway,NOR,"Unemployment, total (% of total labor force) (modeled ILO estimate)",SL.UEM.TOTL.ZS,3.91899991,3.967000008
Norway,NOR,"Population, total",SP.POP.TOTL,5314336,..
Norway,NOR,Population in the largest city (% of urban population),EN.URB.LCTY.UR.ZS,23.1580886,..
Norway,NOR,"Government expenditure on education, total (% of GDP)",SE.XPD.TOTL.GD.ZS,..,..
Norway,NOR,Population ages 65 and above (% of total population),SP.POP.65UP.TO.ZS,17.04922216,..
Oman,OMN,GDP (current US$),NY.GDP.MKTP.CD,79276723017,..
Oman,OMN,GDP (constant LCU),NY.GDP.MKTP.KN,29333600000,..
Oman,OMN,"GDP, PPP (current international $)",NY.GDP.MKTP.PP.CD,2.02162E+11,..
Oman,OMN,"Unemployment, female (% of female labor force) (modeled ILO estimate)",SL.UEM.TOTL.FE.ZS,12.87800026,13.18599987
Oman,OMN,"Unemployment, male (% of male labor force) (modeled ILO estimate)",SL.UEM.TOTL.MA.ZS,1.679999948,1.628999949
Oman,OMN,"Unemployment, total (% of total labor force) (modeled ILO estimate)",SL.UEM.TOTL.ZS,3.112999916,3.084000111
Oman,OMN,"Population, total",SP.POP.TOTL,4829483,..
Oman,OMN,Population in the largest city (% of urban population),EN.URB.LCTY.UR.ZS,35.43068637,..
Oman,OMN,"Government expenditure on education, total (% of GDP)",SE.XPD.TOTL.GD.ZS,..,..
Oman,OMN,Population ages 65 and above (% of total population),SP.POP.65UP.TO.ZS,2.392786956,..
Pakistan,PAK,GDP (current US$),NY.GDP.MKTP.CD,3.14588E+11,..
Pakistan,PAK,GDP (constant LCU),NY.GDP.MKTP.KN,1.31322E+13,..
Pakistan,PAK,"GDP, PPP (current international $)",NY.GDP.MKTP.PP.CD,1.18141E+12,..
Pakistan,PAK,"Unemployment, female (% of female labor force) (modeled ILO estimate)",SL.UEM.TOTL.FE.ZS,5.142000198,5.077000141
Pakistan,PAK,"Unemployment, male (% of male labor force) (modeled ILO estimate)",SL.UEM.TOTL.MA.ZS,2.447000027,2.437999964
Pakistan,PAK,"Unemployment, total (% of total labor force) (modeled ILO estimate)",SL.UEM.TOTL.ZS,3.038000107,3.019999981
Pakistan,PAK,"Population, total",SP.POP.TOTL,212215030,..
Pakistan,PAK,Population in the largest city (% of urban population),EN.URB.LCTY.UR.ZS,19.79189306,..
Pakistan,PAK,"Government expenditure on education, total (% of GDP)",SE.XPD.TOTL.GD.ZS,..,..
Pakistan,PAK,Population ages 65 and above (% of total population),SP.POP.65UP.TO.ZS,4.312774311,..
Palau,PLW,GDP (current US$),NY.GDP.MKTP.CD,283994900,..
Palau,PLW,GDP (constant LCU),NY.GDP.MKTP.KN,277318200,..
Palau,PLW,"GDP, PPP (current international $)",NY.GDP.MKTP.PP.CD,331462431.8,..
Palau,PLW,"Unemployment, female (% of female labor force) (modeled ILO estimate)",SL.UEM.TOTL.FE.ZS,..,..
Palau,PLW,"Unemployment, male (% of male labor force) (modeled ILO estimate)",SL.UEM.TOTL.MA.ZS,..,..
Palau,PLW,"Unemployment, total (% of total labor force) (modeled ILO estimate)",SL.UEM.TOTL.ZS,..,..
Palau,PLW,"Population, total",SP.POP.TOTL,17907,..
Palau,PLW,Population in the largest city (% of urban population),EN.URB.LCTY.UR.ZS,..,..
Palau,PLW,"Government expenditure on education, total (% of GDP)",SE.XPD.TOTL.GD.ZS,..,..
Palau,PLW,Population ages 65 and above (% of total population),SP.POP.65UP.TO.ZS,..,..
Panama,PAN,GDP (current US$),NY.GDP.MKTP.CD,65055100000,..
Panama,PAN,GDP (constant LCU),NY.GDP.MKTP.KN,41693400000,..
Panama,PAN,"GDP, PPP (current international $)",NY.GDP.MKTP.PP.CD,1.06735E+11,..
Panama,PAN,"Unemployment, female (% of female labor force) (modeled ILO estimate)",SL.UEM.TOTL.FE.ZS,5.063000202,5.113999844
Panama,PAN,"Unemployment, male (% of male labor force) (modeled ILO estimate)",SL.UEM.TOTL.MA.ZS,3.170000076,3.105999947
Panama,PAN,"Unemployment, total (% of total labor force) (modeled ILO estimate)",SL.UEM.TOTL.ZS,3.921999931,3.904999971
Panama,PAN,"Population, total",SP.POP.TOTL,4176873,..
Panama,PAN,Population in the largest city (% of urban population),EN.URB.LCTY.UR.ZS,63.06276362,..
Panama,PAN,"Government expenditure on education, total (% of GDP)",SE.XPD.TOTL.GD.ZS,..,..
Panama,PAN,Population ages 65 and above (% of total population),SP.POP.65UP.TO.ZS,8.10473108,..
Papua New Guinea,PNG,GDP (current US$),NY.GDP.MKTP.CD,23497607690,..
Papua New Guinea,PNG,GDP (constant LCU),NY.GDP.MKTP.KN,63401877460,..
Papua New Guinea,PNG,"GDP, PPP (current international $)",NY.GDP.MKTP.PP.CD,37319091772,..
Papua New Guinea,PNG,"Unemployment, female (% of female labor force) (modeled ILO estimate)",SL.UEM.TOTL.FE.ZS,1.279999971,1.300999999
Papua New Guinea,PNG,"Unemployment, male (% of male labor force) (modeled ILO estimate)",SL.UEM.TOTL.MA.ZS,3.398999929,3.378000021
Papua New Guinea,PNG,"Unemployment, total (% of total labor force) (modeled ILO estimate)",SL.UEM.TOTL.ZS,2.367000103,2.368999958
Papua New Guinea,PNG,"Population, total",SP.POP.TOTL,8606316,..
Papua New Guinea,PNG,Population in the largest city (% of urban population),EN.URB.LCTY.UR.ZS,32.36924347,..
Papua New Guinea,PNG,"Government expenditure on education, total (% of GDP)",SE.XPD.TOTL.GD.ZS,1.9264,..
Papua New Guinea,PNG,Population ages 65 and above (% of total population),SP.POP.65UP.TO.ZS,3.445269251,..
Paraguay,PRY,GDP (current US$),NY.GDP.MKTP.CD,40496953779,..
Paraguay,PRY,GDP (constant LCU),NY.GDP.MKTP.KN,2.10286E+14,..
Paraguay,PRY,"GDP, PPP (current international $)",NY.GDP.MKTP.PP.CD,94602054769,..
Paraguay,PRY,"Unemployment, female (% of female labor force) (modeled ILO estimate)",SL.UEM.TOTL.FE.ZS,5.763999939,5.712999821
Paraguay,PRY,"Unemployment, male (% of male labor force) (modeled ILO estimate)",SL.UEM.TOTL.MA.ZS,4.017000198,3.986000061
Paraguay,PRY,"Unemployment, total (% of total labor force) (modeled ILO estimate)",SL.UEM.TOTL.ZS,4.711999893,4.676000118
Paraguay,PRY,"Population, total",SP.POP.TOTL,6956071,..
Paraguay,PRY,Population in the largest city (% of urban population),EN.URB.LCTY.UR.ZS,75.21655521,..
Paraguay,PRY,"Government expenditure on education, total (% of GDP)",SE.XPD.TOTL.GD.ZS,..,..
Paraguay,PRY,Population ages 65 and above (% of total population),SP.POP.65UP.TO.ZS,6.430215009,..
Peru,PER,GDP (current US$),NY.GDP.MKTP.CD,2.22045E+11,..
Peru,PER,GDP (constant LCU),NY.GDP.MKTP.KN,5.34665E+11,..
Peru,PER,"GDP, PPP (current international $)",NY.GDP.MKTP.PP.CD,4.61223E+11,..
Peru,PER,"Unemployment, female (% of female labor force) (modeled ILO estimate)",SL.UEM.TOTL.FE.ZS,3.436000109,3.332999945
Peru,PER,"Unemployment, male (% of male labor force) (modeled ILO estimate)",SL.UEM.TOTL.MA.ZS,2.346999884,2.538000107
Peru,PER,"Unemployment, total (% of total labor force) (modeled ILO estimate)",SL.UEM.TOTL.ZS,2.844000101,2.90199995
Peru,PER,"Population, total",SP.POP.TOTL,31989256,..
Peru,PER,Population in the largest city (% of urban population),EN.URB.LCTY.UR.ZS,41.69272611,..
Peru,PER,"Government expenditure on education, total (% of GDP)",SE.XPD.TOTL.GD.ZS,3.71993,..
Peru,PER,Population ages 65 and above (% of total population),SP.POP.65UP.TO.ZS,8.088392792,..
Philippines,PHL,GDP (current US$),NY.GDP.MKTP.CD,3.3091E+11,..
Philippines,PHL,GDP (constant LCU),NY.GDP.MKTP.KN,9.20689E+12,..
Philippines,PHL,"GDP, PPP (current international $)",NY.GDP.MKTP.PP.CD,9.5465E+11,..
Philippines,PHL,"Unemployment, female (% of female labor force) (modeled ILO estimate)",SL.UEM.TOTL.FE.ZS,2.605999947,2.532000065
Philippines,PHL,"Unemployment, male (% of male labor force) (modeled ILO estimate)",SL.UEM.TOTL.MA.ZS,2.459000111,2.336999893
Philippines,PHL,"Unemployment, total (% of total labor force) (modeled ILO estimate)",SL.UEM.TOTL.ZS,2.515000105,2.411999941
Philippines,PHL,"Population, total",SP.POP.TOTL,106651922,..
Philippines,PHL,Population in the largest city (% of urban population),EN.URB.LCTY.UR.ZS,26.95026589,..
Philippines,PHL,"Government expenditure on education, total (% of GDP)",SE.XPD.TOTL.GD.ZS,..,..
Philippines,PHL,Population ages 65 and above (% of total population),SP.POP.65UP.TO.ZS,5.122568768,..
Poland,POL,GDP (current US$),NY.GDP.MKTP.CD,5.85664E+11,..
Poland,POL,GDP (constant LCU),NY.GDP.MKTP.KN,1.90777E+12,..
Poland,POL,"GDP, PPP (current international $)",NY.GDP.MKTP.PP.CD,1.19012E+12,..
Poland,POL,"Unemployment, female (% of female labor force) (modeled ILO estimate)",SL.UEM.TOTL.FE.ZS,3.684999943,3.318000078
Poland,POL,"Unemployment, male (% of male labor force) (modeled ILO estimate)",SL.UEM.TOTL.MA.ZS,3.661999941,3.232000113
Poland,POL,"Unemployment, total (% of total labor force) (modeled ILO estimate)",SL.UEM.TOTL.ZS,3.673000097,3.270999908
Poland,POL,"Population, total",SP.POP.TOTL,37978548,..
Poland,POL,Population in the largest city (% of urban population),EN.URB.LCTY.UR.ZS,7.750387608,..
Poland,POL,"Government expenditure on education, total (% of GDP)",SE.XPD.TOTL.GD.ZS,..,..
Poland,POL,Population ages 65 and above (% of total population),SP.POP.65UP.TO.ZS,17.51781676,..
Portugal,PRT,GDP (current US$),NY.GDP.MKTP.CD,2.40675E+11,..
Portugal,PRT,GDP (constant LCU),NY.GDP.MKTP.KN,1.94404E+11,..
Portugal,PRT,"GDP, PPP (current international $)",NY.GDP.MKTP.PP.CD,3.4357E+11,..
Portugal,PRT,"Unemployment, female (% of female labor force) (modeled ILO estimate)",SL.UEM.TOTL.FE.ZS,7.414999962,6.770999908
Portugal,PRT,"Unemployment, male (% of male labor force) (modeled ILO estimate)",SL.UEM.TOTL.MA.ZS,6.329999924,5.514999866
Portugal,PRT,"Unemployment, total (% of total labor force) (modeled ILO estimate)",SL.UEM.TOTL.ZS,6.860000134,6.129000187
Portugal,PRT,"Population, total",SP.POP.TOTL,10281762,..
Portugal,PRT,Population in the largest city (% of urban population),EN.URB.LCTY.UR.ZS,43.6597443,..
Portugal,PRT,"Government expenditure on education, total (% of GDP)",SE.XPD.TOTL.GD.ZS,..,..
Portugal,PRT,Population ages 65 and above (% of total population),SP.POP.65UP.TO.ZS,21.95385754,..
Puerto Rico,PRI,GDP (current US$),NY.GDP.MKTP.CD,1.01131E+11,..
Puerto Rico,PRI,GDP (constant LCU),NY.GDP.MKTP.KN,9436500000,..
Puerto Rico,PRI,"GDP, PPP (current international $)",NY.GDP.MKTP.PP.CD,1.26338E+11,..
Puerto Rico,PRI,"Unemployment, female (% of female labor force) (modeled ILO estimate)",SL.UEM.TOTL.FE.ZS,8.748000145,8.559000015
Puerto Rico,PRI,"Unemployment, male (% of male labor force) (modeled ILO estimate)",SL.UEM.TOTL.MA.ZS,13.33600044,12.99499989
Puerto Rico,PRI,"Unemployment, total (% of total labor force) (modeled ILO estimate)",SL.UEM.TOTL.ZS,11.44400024,11.16600037
Puerto Rico,PRI,"Population, total",SP.POP.TOTL,3195153,..
Puerto Rico,PRI,Population in the largest city (% of urban population),EN.URB.LCTY.UR.ZS,82.08594764,..
Puerto Rico,PRI,"Government expenditure on education, total (% of GDP)",SE.XPD.TOTL.GD.ZS,..,..
Puerto Rico,PRI,Population ages 65 and above (% of total population),SP.POP.65UP.TO.ZS,18.67485021,..
Qatar,QAT,GDP (current US$),NY.GDP.MKTP.CD,1.91362E+11,..
Qatar,QAT,GDP (constant LCU),NY.GDP.MKTP.KN,8.20937E+11,..
Qatar,QAT,"GDP, PPP (current international $)",NY.GDP.MKTP.PP.CD,3.5299E+11,..
Qatar,QAT,"Unemployment, female (% of female labor force) (modeled ILO estimate)",SL.UEM.TOTL.FE.ZS,0.638000011,0.646000028
Qatar,QAT,"Unemployment, male (% of male labor force) (modeled ILO estimate)",SL.UEM.TOTL.MA.ZS,0.061000001,0.063000001
Qatar,QAT,"Unemployment, total (% of total labor force) (modeled ILO estimate)",SL.UEM.TOTL.ZS,0.142000005,0.144999996
Qatar,QAT,"Population, total",SP.POP.TOTL,2781677,..
Qatar,QAT,Population in the largest city (% of urban population),EN.URB.LCTY.UR.ZS,25.14393779,..
Qatar,QAT,"Government expenditure on education, total (% of GDP)",SE.XPD.TOTL.GD.ZS,..,..
Qatar,QAT,Population ages 65 and above (% of total population),SP.POP.65UP.TO.ZS,1.370070339,..
Romania,ROU,GDP (current US$),NY.GDP.MKTP.CD,2.39553E+11,..
Romania,ROU,GDP (constant LCU),NY.GDP.MKTP.KN,4.45582E+11,..
Romania,ROU,"GDP, PPP (current international $)",NY.GDP.MKTP.PP.CD,5.49289E+11,..
Romania,ROU,"Unemployment, female (% of female labor force) (modeled ILO estimate)",SL.UEM.TOTL.FE.ZS,3.65899992,3.510999918
Romania,ROU,"Unemployment, male (% of male labor force) (modeled ILO estimate)",SL.UEM.TOTL.MA.ZS,4.784999847,4.656000137
Romania,ROU,"Unemployment, total (% of total labor force) (modeled ILO estimate)",SL.UEM.TOTL.ZS,4.295000076,4.15899992
Romania,ROU,"Population, total",SP.POP.TOTL,19473936,..
Romania,ROU,Population in the largest city (% of urban population),EN.URB.LCTY.UR.ZS,17.32084793,..
Romania,ROU,"Government expenditure on education, total (% of GDP)",SE.XPD.TOTL.GD.ZS,..,..
Romania,ROU,Population ages 65 and above (% of total population),SP.POP.65UP.TO.ZS,18.33870139,..
Russian Federation,RUS,GDP (current US$),NY.GDP.MKTP.CD,1.65755E+12,..
Russian Federation,RUS,GDP (constant LCU),NY.GDP.MKTP.KN,8.93875E+13,..
Russian Federation,RUS,"GDP, PPP (current international $)",NY.GDP.MKTP.PP.CD,4.05079E+12,..
Russian Federation,RUS,"Unemployment, female (% of female labor force) (modeled ILO estimate)",SL.UEM.TOTL.FE.ZS,4.568999767,4.388999939
Russian Federation,RUS,"Unemployment, male (% of male labor force) (modeled ILO estimate)",SL.UEM.TOTL.MA.ZS,4.907999992,4.690999985
Russian Federation,RUS,"Unemployment, total (% of total labor force) (modeled ILO estimate)",SL.UEM.TOTL.ZS,4.743999958,4.545000076
Russian Federation,RUS,"Population, total",SP.POP.TOTL,144478050,..
Russian Federation,RUS,Population in the largest city (% of urban population),EN.URB.LCTY.UR.ZS,11.53971857,..
Russian Federation,RUS,"Government expenditure on education, total (% of GDP)",SE.XPD.TOTL.GD.ZS,..,..
Russian Federation,RUS,Population ages 65 and above (% of total population),SP.POP.65UP.TO.ZS,14.67470832,..
Rwanda,RWA,GDP (current US$),NY.GDP.MKTP.CD,9508715596,..
Rwanda,RWA,GDP (constant LCU),NY.GDP.MKTP.KN,7.26868E+12,..
Rwanda,RWA,"GDP, PPP (current international $)",NY.GDP.MKTP.PP.CD,27698509346,..
Rwanda,RWA,"Unemployment, female (% of female labor force) (modeled ILO estimate)",SL.UEM.TOTL.FE.ZS,0.995000005,1.013000011
Rwanda,RWA,"Unemployment, male (% of male labor force) (modeled ILO estimate)",SL.UEM.TOTL.MA.ZS,0.94599998,0.967999995
Rwanda,RWA,"Unemployment, total (% of total labor force) (modeled ILO estimate)",SL.UEM.TOTL.ZS,0.971000016,0.991999984
Rwanda,RWA,"Population, total",SP.POP.TOTL,12301939,..
Rwanda,RWA,Population in the largest city (% of urban population),EN.URB.LCTY.UR.ZS,49.96186157,..
Rwanda,RWA,"Government expenditure on education, total (% of GDP)",SE.XPD.TOTL.GD.ZS,3.11334,..
Rwanda,RWA,Population ages 65 and above (% of total population),SP.POP.65UP.TO.ZS,2.938196078,..
Samoa,WSM,GDP (current US$),NY.GDP.MKTP.CD,820491798.3,..
Samoa,WSM,GDP (constant LCU),NY.GDP.MKTP.KN,1973463966,..
Samoa,WSM,"GDP, PPP (current international $)",NY.GDP.MKTP.PP.CD,1271615568,..
Samoa,WSM,"Unemployment, female (% of female labor force) (modeled ILO estimate)",SL.UEM.TOTL.FE.ZS,9.901000023,9.986000061
Samoa,WSM,"Unemployment, male (% of male labor force) (modeled ILO estimate)",SL.UEM.TOTL.MA.ZS,7.414000034,7.571000099
Samoa,WSM,"Unemployment, total (% of total labor force) (modeled ILO estimate)",SL.UEM.TOTL.ZS,8.324999809,8.456999779
Samoa,WSM,"Population, total",SP.POP.TOTL,196130,..
Samoa,WSM,Population in the largest city (% of urban population),EN.URB.LCTY.UR.ZS,..,..
Samoa,WSM,"Government expenditure on education, total (% of GDP)",SE.XPD.TOTL.GD.ZS,..,..
Samoa,WSM,Population ages 65 and above (% of total population),SP.POP.65UP.TO.ZS,4.800411974,..
San Marino,SMR,GDP (current US$),NY.GDP.MKTP.CD,..,..
San Marino,SMR,GDP (constant LCU),NY.GDP.MKTP.KN,..,..
San Marino,SMR,"GDP, PPP (current international $)",NY.GDP.MKTP.PP.CD,..,..
San Marino,SMR,"Unemployment, female (% of female labor force) (modeled ILO estimate)",SL.UEM.TOTL.FE.ZS,..,..
San Marino,SMR,"Unemployment, male (% of male labor force) (modeled ILO estimate)",SL.UEM.TOTL.MA.ZS,..,..
San Marino,SMR,"Unemployment, total (% of total labor force) (modeled ILO estimate)",SL.UEM.TOTL.ZS,..,..
San Marino,SMR,"Population, total",SP.POP.TOTL,33785,..
San Marino,SMR,Population in the largest city (% of urban population),EN.URB.LCTY.UR.ZS,..,..
San Marino,SMR,"Government expenditure on education, total (% of GDP)",SE.XPD.TOTL.GD.ZS,..,..
San Marino,SMR,Population ages 65 and above (% of total population),SP.POP.65UP.TO.ZS,..,..
Sao Tome and Principe,STP,GDP (current US$),NY.GDP.MKTP.CD,422296762.3,..
Sao Tome and Principe,STP,GDP (constant LCU),NY.GDP.MKTP.KN,4185796780,..
Sao Tome and Principe,STP,"GDP, PPP (current international $)",NY.GDP.MKTP.PP.CD,721417562.6,..
Sao Tome and Principe,STP,"Unemployment, female (% of female labor force) (modeled ILO estimate)",SL.UEM.TOTL.FE.ZS,21.10000038,21.30500031
Sao Tome and Principe,STP,"Unemployment, male (% of male labor force) (modeled ILO estimate)",SL.UEM.TOTL.MA.ZS,8.793999672,8.80700016
Sao Tome and Principe,STP,"Unemployment, total (% of total labor force) (modeled ILO estimate)",SL.UEM.TOTL.ZS,13.31900024,13.40100002
Sao Tome and Principe,STP,"Population, total",SP.POP.TOTL,211028,..
Sao Tome and Principe,STP,Population in the largest city (% of urban population),EN.URB.LCTY.UR.ZS,..,..
Sao Tome and Principe,STP,"Government expenditure on education, total (% of GDP)",SE.XPD.TOTL.GD.ZS,5.14907,..
Sao Tome and Principe,STP,Population ages 65 and above (% of total population),SP.POP.65UP.TO.ZS,2.925678109,..
Saudi Arabia,SAU,GDP (current US$),NY.GDP.MKTP.CD,7.86522E+11,..
Saudi Arabia,SAU,GDP (constant LCU),NY.GDP.MKTP.KN,2.63109E+12,..
Saudi Arabia,SAU,"GDP, PPP (current international $)",NY.GDP.MKTP.PP.CD,1.86481E+12,..
Saudi Arabia,SAU,"Unemployment, female (% of female labor force) (modeled ILO estimate)",SL.UEM.TOTL.FE.ZS,20.29400063,20.94799995
Saudi Arabia,SAU,"Unemployment, male (% of male labor force) (modeled ILO estimate)",SL.UEM.TOTL.MA.ZS,3.019000053,2.904999971
Saudi Arabia,SAU,"Unemployment, total (% of total labor force) (modeled ILO estimate)",SL.UEM.TOTL.ZS,5.919000149,5.918000221
Saudi Arabia,SAU,"Population, total",SP.POP.TOTL,33699947,..
Saudi Arabia,SAU,Population in the largest city (% of urban population),EN.URB.LCTY.UR.ZS,24.44346536,..
Saudi Arabia,SAU,"Government expenditure on education, total (% of GDP)",SE.XPD.TOTL.GD.ZS,..,..
Saudi Arabia,SAU,Population ages 65 and above (% of total population),SP.POP.65UP.TO.ZS,3.314088023,..
Senegal,SEN,GDP (current US$),NY.GDP.MKTP.CD,24129599552,..
Senegal,SEN,GDP (constant LCU),NY.GDP.MKTP.KN,1.26428E+13,..
Senegal,SEN,"GDP, PPP (current international $)",NY.GDP.MKTP.PP.CD,59969728879,..
Senegal,SEN,"Unemployment, female (% of female labor force) (modeled ILO estimate)",SL.UEM.TOTL.FE.ZS,7.289999962,7.610000134
Senegal,SEN,"Unemployment, male (% of male labor force) (modeled ILO estimate)",SL.UEM.TOTL.MA.ZS,5.926000118,5.813000202
Senegal,SEN,"Unemployment, total (% of total labor force) (modeled ILO estimate)",SL.UEM.TOTL.ZS,6.464000225,6.521999836
Senegal,SEN,"Population, total",SP.POP.TOTL,15854360,..
Senegal,SEN,Population in the largest city (% of urban population),EN.URB.LCTY.UR.ZS,39.80784524,..
Senegal,SEN,"Government expenditure on education, total (% of GDP)",SE.XPD.TOTL.GD.ZS,4.65201,..
Senegal,SEN,Population ages 65 and above (% of total population),SP.POP.65UP.TO.ZS,3.086823701,..
Serbia,SRB,GDP (current US$),NY.GDP.MKTP.CD,50597289147,..
Serbia,SRB,GDP (constant LCU),NY.GDP.MKTP.KN,3.73737E+12,..
Serbia,SRB,"GDP, PPP (current international $)",NY.GDP.MKTP.PP.CD,1.21732E+11,..
Serbia,SRB,"Unemployment, female (% of female labor force) (modeled ILO estimate)",SL.UEM.TOTL.FE.ZS,14.53899956,14.73799992
Serbia,SRB,"Unemployment, male (% of male labor force) (modeled ILO estimate)",SL.UEM.TOTL.MA.ZS,12.68500042,12.52999973
Serbia,SRB,"Unemployment, total (% of total labor force) (modeled ILO estimate)",SL.UEM.TOTL.ZS,13.51000023,13.51299953
Serbia,SRB,"Population, total",SP.POP.TOTL,6982084,..
Serbia,SRB,Population in the largest city (% of urban population),EN.URB.LCTY.UR.ZS,35.47528835,..
Serbia,SRB,"Government expenditure on education, total (% of GDP)",SE.XPD.TOTL.GD.ZS,..,..
Serbia,SRB,Population ages 65 and above (% of total population),SP.POP.65UP.TO.ZS,18.34579269,..
Seychelles,SYC,GDP (current US$),NY.GDP.MKTP.CD,1590180446,..
Seychelles,SYC,GDP (constant LCU),NY.GDP.MKTP.KN,9115720269,..
Seychelles,SYC,"GDP, PPP (current international $)",NY.GDP.MKTP.PP.CD,2956763761,..
Seychelles,SYC,"Unemployment, female (% of female labor force) (modeled ILO estimate)",SL.UEM.TOTL.FE.ZS,..,..
Seychelles,SYC,"Unemployment, male (% of male labor force) (modeled ILO estimate)",SL.UEM.TOTL.MA.ZS,..,..
Seychelles,SYC,"Unemployment, total (% of total labor force) (modeled ILO estimate)",SL.UEM.TOTL.ZS,..,..
Seychelles,SYC,"Population, total",SP.POP.TOTL,96762,..
Seychelles,SYC,Population in the largest city (% of urban population),EN.URB.LCTY.UR.ZS,..,..
Seychelles,SYC,"Government expenditure on education, total (% of GDP)",SE.XPD.TOTL.GD.ZS,..,..
Seychelles,SYC,Population ages 65 and above (% of total population),SP.POP.65UP.TO.ZS,7.594545604,..
Sierra Leone,SLE,GDP (current US$),NY.GDP.MKTP.CD,4085114794,..
Sierra Leone,SLE,GDP (constant LCU),NY.GDP.MKTP.KN,9.69914E+12,..
Sierra Leone,SLE,"GDP, PPP (current international $)",NY.GDP.MKTP.PP.CD,12255348025,..
Sierra Leone,SLE,"Unemployment, female (% of female labor force) (modeled ILO estimate)",SL.UEM.TOTL.FE.ZS,3.529000044,3.53399992
Sierra Leone,SLE,"Unemployment, male (% of male labor force) (modeled ILO estimate)",SL.UEM.TOTL.MA.ZS,5.112999916,5.139999866
Sierra Leone,SLE,"Unemployment, total (% of total labor force) (modeled ILO estimate)",SL.UEM.TOTL.ZS,4.313000202,4.329999924
Sierra Leone,SLE,"Population, total",SP.POP.TOTL,7650154,..
Sierra Leone,SLE,Population in the largest city (% of urban population),EN.URB.LCTY.UR.ZS,35.30783223,..
Sierra Leone,SLE,"Government expenditure on education, total (% of GDP)",SE.XPD.TOTL.GD.ZS,7.13846,..
Sierra Leone,SLE,Population ages 65 and above (% of total population),SP.POP.65UP.TO.ZS,2.966556211,..
Singapore,SGP,GDP (current US$),NY.GDP.MKTP.CD,3.64157E+11,..
Singapore,SGP,GDP (constant LCU),NY.GDP.MKTP.KN,4.66313E+11,..
Singapore,SGP,"GDP, PPP (current international $)",NY.GDP.MKTP.PP.CD,5.72504E+11,..
Singapore,SGP,"Unemployment, female (% of female labor force) (modeled ILO estimate)",SL.UEM.TOTL.FE.ZS,4.047999859,3.819000006
Singapore,SGP,"Unemployment, male (% of male labor force) (modeled ILO estimate)",SL.UEM.TOTL.MA.ZS,3.538000107,3.463000059
Singapore,SGP,"Unemployment, total (% of total labor force) (modeled ILO estimate)",SL.UEM.TOTL.ZS,3.767999887,3.624000072
Singapore,SGP,"Population, total",SP.POP.TOTL,5638676,..
Singapore,SGP,Population in the largest city (% of urban population),EN.URB.LCTY.UR.ZS,100,..
Singapore,SGP,"Government expenditure on education, total (% of GDP)",SE.XPD.TOTL.GD.ZS,..,..
Singapore,SGP,Population ages 65 and above (% of total population),SP.POP.65UP.TO.ZS,11.46338019,..
Sint Maarten (Dutch part),SXM,GDP (current US$),NY.GDP.MKTP.CD,..,..
Sint Maarten (Dutch part),SXM,GDP (constant LCU),NY.GDP.MKTP.KN,..,..
Sint Maarten (Dutch part),SXM,"GDP, PPP (current international $)",NY.GDP.MKTP.PP.CD,..,..
Sint Maarten (Dutch part),SXM,"Unemployment, female (% of female labor force) (modeled ILO estimate)",SL.UEM.TOTL.FE.ZS,..,..
Sint Maarten (Dutch part),SXM,"Unemployment, male (% of male labor force) (modeled ILO estimate)",SL.UEM.TOTL.MA.ZS,..,..
Sint Maarten (Dutch part),SXM,"Unemployment, total (% of total labor force) (modeled ILO estimate)",SL.UEM.TOTL.ZS,..,..
Sint Maarten (Dutch part),SXM,"Population, total",SP.POP.TOTL,40654,..
Sint Maarten (Dutch part),SXM,Population in the largest city (% of urban population),EN.URB.LCTY.UR.ZS,..,..
Sint Maarten (Dutch part),SXM,"Government expenditure on education, total (% of GDP)",SE.XPD.TOTL.GD.ZS,..,..
Sint Maarten (Dutch part),SXM,Population ages 65 and above (% of total population),SP.POP.65UP.TO.ZS,..,..
Slovak Republic,SVK,GDP (current US$),NY.GDP.MKTP.CD,1.05905E+11,..
Slovak Republic,SVK,GDP (constant LCU),NY.GDP.MKTP.KN,87313992000,..
Slovak Republic,SVK,"GDP, PPP (current international $)",NY.GDP.MKTP.PP.CD,1.83763E+11,..
Slovak Republic,SVK,"Unemployment, female (% of female labor force) (modeled ILO estimate)",SL.UEM.TOTL.FE.ZS,7.163000107,6.778999805
Slovak Republic,SVK,"Unemployment, male (% of male labor force) (modeled ILO estimate)",SL.UEM.TOTL.MA.ZS,6.413000107,6.019999981
Slovak Republic,SVK,"Unemployment, total (% of total labor force) (modeled ILO estimate)",SL.UEM.TOTL.ZS,6.756000042,6.367000103
Slovak Republic,SVK,"Population, total",SP.POP.TOTL,5447011,..
Slovak Republic,SVK,Population in the largest city (% of urban population),EN.URB.LCTY.UR.ZS,14.6907818,..
Slovak Republic,SVK,"Government expenditure on education, total (% of GDP)",SE.XPD.TOTL.GD.ZS,..,..
Slovak Republic,SVK,Population ages 65 and above (% of total population),SP.POP.65UP.TO.ZS,15.6292465,..
Slovenia,SVN,GDP (current US$),NY.GDP.MKTP.CD,54007972106,..
Slovenia,SVN,GDP (constant LCU),NY.GDP.MKTP.KN,43731757500,..
Slovenia,SVN,"GDP, PPP (current international $)",NY.GDP.MKTP.PP.CD,78660992038,..
Slovenia,SVN,"Unemployment, female (% of female labor force) (modeled ILO estimate)",SL.UEM.TOTL.FE.ZS,6.275000095,6.032999992
Slovenia,SVN,"Unemployment, male (% of male labor force) (modeled ILO estimate)",SL.UEM.TOTL.MA.ZS,4.842999935,5.037000179
Slovenia,SVN,"Unemployment, total (% of total labor force) (modeled ILO estimate)",SL.UEM.TOTL.ZS,5.510000229,5.501999855
Slovenia,SVN,"Population, total",SP.POP.TOTL,2067372,..
Slovenia,SVN,Population in the largest city (% of urban population),EN.URB.LCTY.UR.ZS,..,..
Slovenia,SVN,"Government expenditure on education, total (% of GDP)",SE.XPD.TOTL.GD.ZS,..,..
Slovenia,SVN,Population ages 65 and above (% of total population),SP.POP.65UP.TO.ZS,19.60687965,..
Solomon Islands,SLB,GDP (current US$),NY.GDP.MKTP.CD,1395608472,..
Solomon Islands,SLB,GDP (constant LCU),NY.GDP.MKTP.KN,5260630060,..
Solomon Islands,SLB,"GDP, PPP (current international $)",NY.GDP.MKTP.PP.CD,1581757114,..
Solomon Islands,SLB,"Unemployment, female (% of female labor force) (modeled ILO estimate)",SL.UEM.TOTL.FE.ZS,1.567000031,1.565999985
Solomon Islands,SLB,"Unemployment, male (% of male labor force) (modeled ILO estimate)",SL.UEM.TOTL.MA.ZS,1.960999966,1.965999961
Solomon Islands,SLB,"Unemployment, total (% of total labor force) (modeled ILO estimate)",SL.UEM.TOTL.ZS,1.789999962,1.792999983
Solomon Islands,SLB,"Population, total",SP.POP.TOTL,652858,..
Solomon Islands,SLB,Population in the largest city (% of urban population),EN.URB.LCTY.UR.ZS,..,..
Solomon Islands,SLB,"Government expenditure on education, total (% of GDP)",SE.XPD.TOTL.GD.ZS,..,..
Solomon Islands,SLB,Population ages 65 and above (% of total population),SP.POP.65UP.TO.ZS,3.598950459,..
Somalia,SOM,GDP (current US$),NY.GDP.MKTP.CD,4720727278,..
Somalia,SOM,GDP (constant LCU),NY.GDP.MKTP.KN,..,..
Somalia,SOM,"GDP, PPP (current international $)",NY.GDP.MKTP.PP.CD,..,..
Somalia,SOM,"Unemployment, female (% of female labor force) (modeled ILO estimate)",SL.UEM.TOTL.FE.ZS,15.37899971,15.36100006
Somalia,SOM,"Unemployment, male (% of male labor force) (modeled ILO estimate)",SL.UEM.TOTL.MA.ZS,13.57999992,13.58300018
Somalia,SOM,"Unemployment, total (% of total labor force) (modeled ILO estimate)",SL.UEM.TOTL.ZS,13.95600033,13.95499992
Somalia,SOM,"Population, total",SP.POP.TOTL,15008154,..
Somalia,SOM,Population in the largest city (% of urban population),EN.URB.LCTY.UR.ZS,30.84199483,..
Somalia,SOM,"Government expenditure on education, total (% of GDP)",SE.XPD.TOTL.GD.ZS,..,..
Somalia,SOM,Population ages 65 and above (% of total population),SP.POP.65UP.TO.ZS,2.873310943,..
South Africa,ZAF,GDP (current US$),NY.GDP.MKTP.CD,3.68289E+11,..
South Africa,ZAF,GDP (constant LCU),NY.GDP.MKTP.KN,3.14454E+12,..
South Africa,ZAF,"GDP, PPP (current international $)",NY.GDP.MKTP.PP.CD,7.90823E+11,..
South Africa,ZAF,"Unemployment, female (% of female labor force) (modeled ILO estimate)",SL.UEM.TOTL.FE.ZS,29.26600075,29.72200012
South Africa,ZAF,"Unemployment, male (% of male labor force) (modeled ILO estimate)",SL.UEM.TOTL.MA.ZS,25.04700089,25.33300018
South Africa,ZAF,"Unemployment, total (% of total labor force) (modeled ILO estimate)",SL.UEM.TOTL.ZS,26.95800018,27.32099915
South Africa,ZAF,"Population, total",SP.POP.TOTL,57779622,..
South Africa,ZAF,Population in the largest city (% of urban population),EN.URB.LCTY.UR.ZS,14.30890325,..
South Africa,ZAF,"Government expenditure on education, total (% of GDP)",SE.XPD.TOTL.GD.ZS,6.15899,..
South Africa,ZAF,Population ages 65 and above (% of total population),SP.POP.65UP.TO.ZS,5.318005005,..
South Sudan,SSD,GDP (current US$),NY.GDP.MKTP.CD,..,..
South Sudan,SSD,GDP (constant LCU),NY.GDP.MKTP.KN,..,..
South Sudan,SSD,"GDP, PPP (current international $)",NY.GDP.MKTP.PP.CD,..,..
South Sudan,SSD,"Unemployment, female (% of female labor force) (modeled ILO estimate)",SL.UEM.TOTL.FE.ZS,13.93400002,13.95300007
South Sudan,SSD,"Unemployment, male (% of male labor force) (modeled ILO estimate)",SL.UEM.TOTL.MA.ZS,11.48799992,11.50500011
South Sudan,SSD,"Unemployment, total (% of total labor force) (modeled ILO estimate)",SL.UEM.TOTL.ZS,12.6960001,12.71500015
South Sudan,SSD,"Population, total",SP.POP.TOTL,10975920,..
South Sudan,SSD,Population in the largest city (% of urban population),EN.URB.LCTY.UR.ZS,17.13546256,..
South Sudan,SSD,"Government expenditure on education, total (% of GDP)",SE.XPD.TOTL.GD.ZS,..,..
South Sudan,SSD,Population ages 65 and above (% of total population),SP.POP.65UP.TO.ZS,3.39848288,..
Spain,ESP,GDP (current US$),NY.GDP.MKTP.CD,1.41904E+12,..
Spain,ESP,GDP (constant LCU),NY.GDP.MKTP.KN,1.16922E+12,..
Spain,ESP,"GDP, PPP (current international $)",NY.GDP.MKTP.PP.CD,1.85565E+12,..
Spain,ESP,"Unemployment, female (% of female labor force) (modeled ILO estimate)",SL.UEM.TOTL.FE.ZS,17.63400078,17.09399986
Spain,ESP,"Unemployment, male (% of male labor force) (modeled ILO estimate)",SL.UEM.TOTL.MA.ZS,13.63799953,12.63199997
Spain,ESP,"Unemployment, total (% of total labor force) (modeled ILO estimate)",SL.UEM.TOTL.ZS,15.48700047,14.69999981
Spain,ESP,"Population, total",SP.POP.TOTL,46723749,..
Spain,ESP,Population in the largest city (% of urban population),EN.URB.LCTY.UR.ZS,17.31228414,..
Spain,ESP,"Government expenditure on education, total (% of GDP)",SE.XPD.TOTL.GD.ZS,..,..
Spain,ESP,Population ages 65 and above (% of total population),SP.POP.65UP.TO.ZS,19.37850752,..
Sri Lanka,LKA,GDP (current US$),NY.GDP.MKTP.CD,88900770858,..
Sri Lanka,LKA,GDP (constant LCU),NY.GDP.MKTP.KN,9.64473E+12,..
Sri Lanka,LKA,"GDP, PPP (current international $)",NY.GDP.MKTP.PP.CD,2.91974E+11,..
Sri Lanka,LKA,"Unemployment, female (% of female labor force) (modeled ILO estimate)",SL.UEM.TOTL.FE.ZS,7.044000149,6.893000126
Sri Lanka,LKA,"Unemployment, male (% of male labor force) (modeled ILO estimate)",SL.UEM.TOTL.MA.ZS,2.97300005,2.931999922
Sri Lanka,LKA,"Unemployment, total (% of total labor force) (modeled ILO estimate)",SL.UEM.TOTL.ZS,4.399000168,4.322999954
Sri Lanka,LKA,"Population, total",SP.POP.TOTL,21670000,..
Sri Lanka,LKA,Population in the largest city (% of urban population),EN.URB.LCTY.UR.ZS,14.9814836,..
Sri Lanka,LKA,"Government expenditure on education, total (% of GDP)",SE.XPD.TOTL.GD.ZS,2.11189,..
Sri Lanka,LKA,Population ages 65 and above (% of total population),SP.POP.65UP.TO.ZS,10.47321975,..
St. Kitts and Nevis,KNA,GDP (current US$),NY.GDP.MKTP.CD,1010822222,..
St. Kitts and Nevis,KNA,GDP (constant LCU),NY.GDP.MKTP.KN,2070490000,..
St. Kitts and Nevis,KNA,"GDP, PPP (current international $)",NY.GDP.MKTP.PP.CD,1584126727,..
St. Kitts and Nevis,KNA,"Unemployment, female (% of female labor force) (modeled ILO estimate)",SL.UEM.TOTL.FE.ZS,..,..
St. Kitts and Nevis,KNA,"Unemployment, male (% of male labor force) (modeled ILO estimate)",SL.UEM.TOTL.MA.ZS,..,..
St. Kitts and Nevis,KNA,"Unemployment, total (% of total labor force) (modeled ILO estimate)",SL.UEM.TOTL.ZS,..,..
St. Kitts and Nevis,KNA,"Population, total",SP.POP.TOTL,52441,..
St. Kitts and Nevis,KNA,Population in the largest city (% of urban population),EN.URB.LCTY.UR.ZS,..,..
St. Kitts and Nevis,KNA,"Government expenditure on education, total (% of GDP)",SE.XPD.TOTL.GD.ZS,..,..
St. Kitts and Nevis,KNA,Population ages 65 and above (% of total population),SP.POP.65UP.TO.ZS,..,..
St. Lucia,LCA,GDP (current US$),NY.GDP.MKTP.CD,1921848222,..
St. Lucia,LCA,GDP (constant LCU),NY.GDP.MKTP.KN,3578732400,..
St. Lucia,LCA,"GDP, PPP (current international $)",NY.GDP.MKTP.PP.CD,2524868896,..
St. Lucia,LCA,"Unemployment, female (% of female labor force) (modeled ILO estimate)",SL.UEM.TOTL.FE.ZS,23.49799919,23.44099998
St. Lucia,LCA,"Unemployment, male (% of male labor force) (modeled ILO estimate)",SL.UEM.TOTL.MA.ZS,18.63999939,17.94400024
St. Lucia,LCA,"Unemployment, total (% of total labor force) (modeled ILO estimate)",SL.UEM.TOTL.ZS,20.86800003,20.46899986
St. Lucia,LCA,"Population, total",SP.POP.TOTL,181889,..
St. Lucia,LCA,Population in the largest city (% of urban population),EN.URB.LCTY.UR.ZS,..,..
St. Lucia,LCA,"Government expenditure on education, total (% of GDP)",SE.XPD.TOTL.GD.ZS,3.67959,..
St. Lucia,LCA,Population ages 65 and above (% of total population),SP.POP.65UP.TO.ZS,9.806530356,..
St. Martin (French part),MAF,GDP (current US$),NY.GDP.MKTP.CD,..,..
St. Martin (French part),MAF,GDP (constant LCU),NY.GDP.MKTP.KN,..,..
St. Martin (French part),MAF,"GDP, PPP (current international $)",NY.GDP.MKTP.PP.CD,..,..
St. Martin (French part),MAF,"Unemployment, female (% of female labor force) (modeled ILO estimate)",SL.UEM.TOTL.FE.ZS,..,..
St. Martin (French part),MAF,"Unemployment, male (% of male labor force) (modeled ILO estimate)",SL.UEM.TOTL.MA.ZS,..,..
St. Martin (French part),MAF,"Unemployment, total (% of total labor force) (modeled ILO estimate)",SL.UEM.TOTL.ZS,..,..
St. Martin (French part),MAF,"Population, total",SP.POP.TOTL,37264,..
St. Martin (French part),MAF,Population in the largest city (% of urban population),EN.URB.LCTY.UR.ZS,..,..
St. Martin (French part),MAF,"Government expenditure on education, total (% of GDP)",SE.XPD.TOTL.GD.ZS,..,..
St. Martin (French part),MAF,Population ages 65 and above (% of total population),SP.POP.65UP.TO.ZS,..,..
St. Vincent and the Grenadines,VCT,GDP (current US$),NY.GDP.MKTP.CD,811300000,..
St. Vincent and the Grenadines,VCT,GDP (constant LCU),NY.GDP.MKTP.KN,1816440000,..
St. Vincent and the Grenadines,VCT,"GDP, PPP (current international $)",NY.GDP.MKTP.PP.CD,1354257780,..
St. Vincent and the Grenadines,VCT,"Unemployment, female (% of female labor force) (modeled ILO estimate)",SL.UEM.TOTL.FE.ZS,17.47100067,17.46500015
St. Vincent and the Grenadines,VCT,"Unemployment, male (% of male labor force) (modeled ILO estimate)",SL.UEM.TOTL.MA.ZS,21.39299965,21.31699944
St. Vincent and the Grenadines,VCT,"Unemployment, total (% of total labor force) (modeled ILO estimate)",SL.UEM.TOTL.ZS,19.76099968,19.70999908
St. Vincent and the Grenadines,VCT,"Population, total",SP.POP.TOTL,110210,..
St. Vincent and the Grenadines,VCT,Population in the largest city (% of urban population),EN.URB.LCTY.UR.ZS,..,..
St. Vincent and the Grenadines,VCT,"Government expenditure on education, total (% of GDP)",SE.XPD.TOTL.GD.ZS,5.68122,..
St. Vincent and the Grenadines,VCT,Population ages 65 and above (% of total population),SP.POP.65UP.TO.ZS,9.589786863,..
Sudan,SDN,GDP (current US$),NY.GDP.MKTP.CD,40851536134,..
Sudan,SDN,GDP (constant LCU),NY.GDP.MKTP.KN,32492000000,..
Sudan,SDN,"GDP, PPP (current international $)",NY.GDP.MKTP.PP.CD,1.99297E+11,..
Sudan,SDN,"Unemployment, female (% of female labor force) (modeled ILO estimate)",SL.UEM.TOTL.FE.ZS,23.22400093,23.11599922
Sudan,SDN,"Unemployment, male (% of male labor force) (modeled ILO estimate)",SL.UEM.TOTL.MA.ZS,9.180999756,9.392000198
Sudan,SDN,"Unemployment, total (% of total labor force) (modeled ILO estimate)",SL.UEM.TOTL.ZS,12.8760004,12.99699974
Sudan,SDN,"Population, total",SP.POP.TOTL,41801533,..
Sudan,SDN,Population in the largest city (% of urban population),EN.URB.LCTY.UR.ZS,38.2164366,..
Sudan,SDN,"Government expenditure on education, total (% of GDP)",SE.XPD.TOTL.GD.ZS,..,..
Sudan,SDN,Population ages 65 and above (% of total population),SP.POP.65UP.TO.ZS,3.581160528,..
Suriname,SUR,GDP (current US$),NY.GDP.MKTP.CD,3590753769,..
Suriname,SUR,GDP (constant LCU),NY.GDP.MKTP.KN,9642797000,..
Suriname,SUR,"GDP, PPP (current international $)",NY.GDP.MKTP.PP.CD,8933888036,..
Suriname,SUR,"Unemployment, female (% of female labor force) (modeled ILO estimate)",SL.UEM.TOTL.FE.ZS,12.19900036,11.81700039
Suriname,SUR,"Unemployment, male (% of male labor force) (modeled ILO estimate)",SL.UEM.TOTL.MA.ZS,4.796999931,4.659999847
Suriname,SUR,"Unemployment, total (% of total labor force) (modeled ILO estimate)",SL.UEM.TOTL.ZS,7.631000042,7.412000179
Suriname,SUR,"Population, total",SP.POP.TOTL,575991,..
Suriname,SUR,Population in the largest city (% of urban population),EN.URB.LCTY.UR.ZS,..,..
Suriname,SUR,"Government expenditure on education, total (% of GDP)",SE.XPD.TOTL.GD.ZS,..,..
Suriname,SUR,Population ages 65 and above (% of total population),SP.POP.65UP.TO.ZS,6.906369902,..
Sweden,SWE,GDP (current US$),NY.GDP.MKTP.CD,5.56086E+11,..
Sweden,SWE,GDP (constant LCU),NY.GDP.MKTP.KN,4.55481E+12,..
Sweden,SWE,"GDP, PPP (current international $)",NY.GDP.MKTP.PP.CD,5.41835E+11,..
Sweden,SWE,"Unemployment, female (% of female labor force) (modeled ILO estimate)",SL.UEM.TOTL.FE.ZS,6.092000008,6.559999943
Sweden,SWE,"Unemployment, male (% of male labor force) (modeled ILO estimate)",SL.UEM.TOTL.MA.ZS,6.764999866,7.092000008
Sweden,SWE,"Unemployment, total (% of total labor force) (modeled ILO estimate)",SL.UEM.TOTL.ZS,6.443999767,6.837999821
Sweden,SWE,"Population, total",SP.POP.TOTL,10183175,..
Sweden,SWE,Population in the largest city (% of urban population),EN.URB.LCTY.UR.ZS,17.77966074,..
Sweden,SWE,"Government expenditure on education, total (% of GDP)",SE.XPD.TOTL.GD.ZS,..,..
Sweden,SWE,Population ages 65 and above (% of total population),SP.POP.65UP.TO.ZS,20.09552493,..
Switzerland,CHE,GDP (current US$),NY.GDP.MKTP.CD,7.0514E+11,..
Switzerland,CHE,GDP (constant LCU),NY.GDP.MKTP.KN,6.96139E+11,..
Switzerland,CHE,"GDP, PPP (current international $)",NY.GDP.MKTP.PP.CD,5.79644E+11,..
Switzerland,CHE,"Unemployment, female (% of female labor force) (modeled ILO estimate)",SL.UEM.TOTL.FE.ZS,5.15500021,5.118000031
Switzerland,CHE,"Unemployment, male (% of male labor force) (modeled ILO estimate)",SL.UEM.TOTL.MA.ZS,4.646999836,4.660999775
Switzerland,CHE,"Unemployment, total (% of total labor force) (modeled ILO estimate)",SL.UEM.TOTL.ZS,4.882999897,4.874000072
Switzerland,CHE,"Population, total",SP.POP.TOTL,8516543,..
Switzerland,CHE,Population in the largest city (% of urban population),EN.URB.LCTY.UR.ZS,21.81048927,..
Switzerland,CHE,"Government expenditure on education, total (% of GDP)",SE.XPD.TOTL.GD.ZS,..,..
Switzerland,CHE,Population ages 65 and above (% of total population),SP.POP.65UP.TO.ZS,18.62321656,..
Syrian Arab Republic,SYR,GDP (current US$),NY.GDP.MKTP.CD,..,..
Syrian Arab Republic,SYR,GDP (constant LCU),NY.GDP.MKTP.KN,..,..
Syrian Arab Republic,SYR,"GDP, PPP (current international $)",NY.GDP.MKTP.PP.CD,..,..
Syrian Arab Republic,SYR,"Unemployment, female (% of female labor force) (modeled ILO estimate)",SL.UEM.TOTL.FE.ZS,20.61199951,20.78000069
Syrian Arab Republic,SYR,"Unemployment, male (% of male labor force) (modeled ILO estimate)",SL.UEM.TOTL.MA.ZS,5.991000175,6.058000088
Syrian Arab Republic,SYR,"Unemployment, total (% of total labor force) (modeled ILO estimate)",SL.UEM.TOTL.ZS,8.119999886,8.18200016
Syrian Arab Republic,SYR,"Population, total",SP.POP.TOTL,16906283,..
Syrian Arab Republic,SYR,Population in the largest city (% of urban population),EN.URB.LCTY.UR.ZS,25.33144562,..
Syrian Arab Republic,SYR,"Government expenditure on education, total (% of GDP)",SE.XPD.TOTL.GD.ZS,..,..
Syrian Arab Republic,SYR,Population ages 65 and above (% of total population),SP.POP.65UP.TO.ZS,4.503124421,..
Tajikistan,TJK,GDP (current US$),NY.GDP.MKTP.CD,7522947810,..
Tajikistan,TJK,GDP (constant LCU),NY.GDP.MKTP.KN,6755737100,..
Tajikistan,TJK,"GDP, PPP (current international $)",NY.GDP.MKTP.PP.CD,31395879239,..
Tajikistan,TJK,"Unemployment, female (% of female labor force) (modeled ILO estimate)",SL.UEM.TOTL.FE.ZS,9.743000031,9.843000412
Tajikistan,TJK,"Unemployment, male (% of male labor force) (modeled ILO estimate)",SL.UEM.TOTL.MA.ZS,11.47900009,11.66499996
Tajikistan,TJK,"Unemployment, total (% of total labor force) (modeled ILO estimate)",SL.UEM.TOTL.ZS,10.92199993,11.08199978
Tajikistan,TJK,"Population, total",SP.POP.TOTL,9100837,..
Tajikistan,TJK,Population in the largest city (% of urban population),EN.URB.LCTY.UR.ZS,35.33836474,..
Tajikistan,TJK,"Government expenditure on education, total (% of GDP)",SE.XPD.TOTL.GD.ZS,..,..
Tajikistan,TJK,Population ages 65 and above (% of total population),SP.POP.65UP.TO.ZS,3.021887552,..
Tanzania,TZA,GDP (current US$),NY.GDP.MKTP.CD,58001200572,..
Tanzania,TZA,GDP (constant LCU),NY.GDP.MKTP.KN,1.13533E+14,..
Tanzania,TZA,"GDP, PPP (current international $)",NY.GDP.MKTP.PP.CD,1.77135E+11,..
Tanzania,TZA,"Unemployment, female (% of female labor force) (modeled ILO estimate)",SL.UEM.TOTL.FE.ZS,2.430000067,2.404999971
Tanzania,TZA,"Unemployment, male (% of male labor force) (modeled ILO estimate)",SL.UEM.TOTL.MA.ZS,1.455000043,1.440000057
Tanzania,TZA,"Unemployment, total (% of total labor force) (modeled ILO estimate)",SL.UEM.TOTL.ZS,1.932000041,1.911999941
Tanzania,TZA,"Population, total",SP.POP.TOTL,56318348,..
Tanzania,TZA,Population in the largest city (% of urban population),EN.URB.LCTY.UR.ZS,31.79251906,..
Tanzania,TZA,"Government expenditure on education, total (% of GDP)",SE.XPD.TOTL.GD.ZS,3.69644,..
Tanzania,TZA,Population ages 65 and above (% of total population),SP.POP.65UP.TO.ZS,2.601299178,..
Thailand,THA,GDP (current US$),NY.GDP.MKTP.CD,5.04993E+11,..
Thailand,THA,GDP (constant LCU),NY.GDP.MKTP.KN,1.06597E+13,..
Thailand,THA,"GDP, PPP (current international $)",NY.GDP.MKTP.PP.CD,1.32271E+12,..
Thailand,THA,"Unemployment, female (% of female labor force) (modeled ILO estimate)",SL.UEM.TOTL.FE.ZS,0.69599998,0.727999985
Thailand,THA,"Unemployment, male (% of male labor force) (modeled ILO estimate)",SL.UEM.TOTL.MA.ZS,0.638999999,0.666999996
Thailand,THA,"Unemployment, total (% of total labor force) (modeled ILO estimate)",SL.UEM.TOTL.ZS,0.665000021,0.694999993
Thailand,THA,"Population, total",SP.POP.TOTL,69428524,..
Thailand,THA,Population in the largest city (% of urban population),EN.URB.LCTY.UR.ZS,29.28677024,..
Thailand,THA,"Government expenditure on education, total (% of GDP)",SE.XPD.TOTL.GD.ZS,..,..
Thailand,THA,Population ages 65 and above (% of total population),SP.POP.65UP.TO.ZS,11.90089314,..
Timor-Leste,TLS,GDP (current US$),NY.GDP.MKTP.CD,2581000000,..
Timor-Leste,TLS,GDP (constant LCU),NY.GDP.MKTP.KN,2909000000,..
Timor-Leste,TLS,"GDP, PPP (current international $)",NY.GDP.MKTP.PP.CD,9710681139,..
Timor-Leste,TLS,"Unemployment, female (% of female labor force) (modeled ILO estimate)",SL.UEM.TOTL.FE.ZS,3.891000032,3.897000074
Timor-Leste,TLS,"Unemployment, male (% of male labor force) (modeled ILO estimate)",SL.UEM.TOTL.MA.ZS,2.585000038,2.596999884
Timor-Leste,TLS,"Unemployment, total (% of total labor force) (modeled ILO estimate)",SL.UEM.TOTL.ZS,2.999000072,3.007999897
Timor-Leste,TLS,"Population, total",SP.POP.TOTL,1267972,..
Timor-Leste,TLS,Population in the largest city (% of urban population),EN.URB.LCTY.UR.ZS,..,..
Timor-Leste,TLS,"Government expenditure on education, total (% of GDP)",SE.XPD.TOTL.GD.ZS,4.12844,..
Timor-Leste,TLS,Population ages 65 and above (% of total population),SP.POP.65UP.TO.ZS,4.316492294,..
Togo,TGO,GDP (current US$),NY.GDP.MKTP.CD,5358722983,..
Togo,TGO,GDP (constant LCU),NY.GDP.MKTP.KN,2.31217E+12,..
Togo,TGO,"GDP, PPP (current international $)",NY.GDP.MKTP.PP.CD,13994437274,..
Togo,TGO,"Unemployment, female (% of female labor force) (modeled ILO estimate)",SL.UEM.TOTL.FE.ZS,1.355000019,1.356999993
Togo,TGO,"Unemployment, male (% of male labor force) (modeled ILO estimate)",SL.UEM.TOTL.MA.ZS,1.972000003,1.973999977
Togo,TGO,"Unemployment, total (% of total labor force) (modeled ILO estimate)",SL.UEM.TOTL.ZS,1.667999983,1.669999957
Togo,TGO,"Population, total",SP.POP.TOTL,7889094,..
Togo,TGO,Population in the largest city (% of urban population),EN.URB.LCTY.UR.ZS,53.06357925,..
Togo,TGO,"Government expenditure on education, total (% of GDP)",SE.XPD.TOTL.GD.ZS,5.42885,..
Togo,TGO,Population ages 65 and above (% of total population),SP.POP.65UP.TO.ZS,2.869468011,..
Tonga,TON,GDP (current US$),NY.GDP.MKTP.CD,450353313.9,..
Tonga,TON,GDP (constant LCU),NY.GDP.MKTP.KN,853937100,..
Tonga,TON,"GDP, PPP (current international $)",NY.GDP.MKTP.PP.CD,662479516.8,..
Tonga,TON,"Unemployment, female (% of female labor force) (modeled ILO estimate)",SL.UEM.TOTL.FE.ZS,1.976999998,1.950999975
Tonga,TON,"Unemployment, male (% of male labor force) (modeled ILO estimate)",SL.UEM.TOTL.MA.ZS,0.435000002,0.437999994
Tonga,TON,"Unemployment, total (% of total labor force) (modeled ILO estimate)",SL.UEM.TOTL.ZS,1.02699995,1.018000007
Tonga,TON,"Population, total",SP.POP.TOTL,103197,..
Tonga,TON,Population in the largest city (% of urban population),EN.URB.LCTY.UR.ZS,..,..
Tonga,TON,"Government expenditure on education, total (% of GDP)",SE.XPD.TOTL.GD.ZS,..,..
Tonga,TON,Population ages 65 and above (% of total population),SP.POP.65UP.TO.ZS,5.953661444,..
Trinidad and Tobago,TTO,GDP (current US$),NY.GDP.MKTP.CD,23808146748,..
Trinidad and Tobago,TTO,GDP (constant LCU),NY.GDP.MKTP.KN,1.56011E+11,..
Trinidad and Tobago,TTO,"GDP, PPP (current international $)",NY.GDP.MKTP.PP.CD,44496002453,..
Trinidad and Tobago,TTO,"Unemployment, female (% of female labor force) (modeled ILO estimate)",SL.UEM.TOTL.FE.ZS,3.006999969,3.045000076
Trinidad and Tobago,TTO,"Unemployment, male (% of male labor force) (modeled ILO estimate)",SL.UEM.TOTL.MA.ZS,2.700000048,2.64199996
Trinidad and Tobago,TTO,"Unemployment, total (% of total labor force) (modeled ILO estimate)",SL.UEM.TOTL.ZS,2.829999924,2.813999891
Trinidad and Tobago,TTO,"Population, total",SP.POP.TOTL,1389858,..
Trinidad and Tobago,TTO,Population in the largest city (% of urban population),EN.URB.LCTY.UR.ZS,73.65127939,..
Trinidad and Tobago,TTO,"Government expenditure on education, total (% of GDP)",SE.XPD.TOTL.GD.ZS,..,..
Trinidad and Tobago,TTO,Population ages 65 and above (% of total population),SP.POP.65UP.TO.ZS,10.73495352,..
Tunisia,TUN,GDP (current US$),NY.GDP.MKTP.CD,39871132268,..
Tunisia,TUN,GDP (constant LCU),NY.GDP.MKTP.KN,72857006400,..
Tunisia,TUN,"GDP, PPP (current international $)",NY.GDP.MKTP.PP.CD,1.44598E+11,..
Tunisia,TUN,"Unemployment, female (% of female labor force) (modeled ILO estimate)",SL.UEM.TOTL.FE.ZS,22.58300018,22.28100014
Tunisia,TUN,"Unemployment, male (% of male labor force) (modeled ILO estimate)",SL.UEM.TOTL.MA.ZS,12.91600037,13.07900047
Tunisia,TUN,"Unemployment, total (% of total labor force) (modeled ILO estimate)",SL.UEM.TOTL.ZS,15.47799969,15.51000023
Tunisia,TUN,"Population, total",SP.POP.TOTL,11565204,..
Tunisia,TUN,Population in the largest city (% of urban population),EN.URB.LCTY.UR.ZS,28.72941182,..
Tunisia,TUN,"Government expenditure on education, total (% of GDP)",SE.XPD.TOTL.GD.ZS,..,..
Tunisia,TUN,Population ages 65 and above (% of total population),SP.POP.65UP.TO.ZS,8.315679079,..
Turkey,TUR,GDP (current US$),NY.GDP.MKTP.CD,7.7135E+11,..
Turkey,TUR,GDP (constant LCU),NY.GDP.MKTP.KN,1.74202E+12,..
Turkey,TUR,"GDP, PPP (current international $)",NY.GDP.MKTP.PP.CD,2.31062E+12,..
Turkey,TUR,"Unemployment, female (% of female labor force) (modeled ILO estimate)",SL.UEM.TOTL.FE.ZS,13.6079998,14.85900021
Turkey,TUR,"Unemployment, male (% of male labor force) (modeled ILO estimate)",SL.UEM.TOTL.MA.ZS,9.574000359,10.45400047
Turkey,TUR,"Unemployment, total (% of total labor force) (modeled ILO estimate)",SL.UEM.TOTL.ZS,10.89500046,11.89500046
Turkey,TUR,"Population, total",SP.POP.TOTL,82319724,..
Turkey,TUR,Population in the largest city (% of urban population),EN.URB.LCTY.UR.ZS,23.84637047,..
Turkey,TUR,"Government expenditure on education, total (% of GDP)",SE.XPD.TOTL.GD.ZS,..,..
Turkey,TUR,Population ages 65 and above (% of total population),SP.POP.65UP.TO.ZS,8.48321294,..
Turkmenistan,TKM,GDP (current US$),NY.GDP.MKTP.CD,40761142857,..
Turkmenistan,TKM,GDP (constant LCU),NY.GDP.MKTP.KN,57964688500,..
Turkmenistan,TKM,"GDP, PPP (current international $)",NY.GDP.MKTP.PP.CD,1.12947E+11,..
Turkmenistan,TKM,"Unemployment, female (% of female labor force) (modeled ILO estimate)",SL.UEM.TOTL.FE.ZS,2.114000082,2.15899992
Turkmenistan,TKM,"Unemployment, male (% of male labor force) (modeled ILO estimate)",SL.UEM.TOTL.MA.ZS,4.974999905,5.056000233
Turkmenistan,TKM,"Unemployment, total (% of total labor force) (modeled ILO estimate)",SL.UEM.TOTL.ZS,3.782999992,3.851000071
Turkmenistan,TKM,"Population, total",SP.POP.TOTL,5850908,..
Turkmenistan,TKM,Population in the largest city (% of urban population),EN.URB.LCTY.UR.ZS,26.8392687,..
Turkmenistan,TKM,"Government expenditure on education, total (% of GDP)",SE.XPD.TOTL.GD.ZS,..,..
Turkmenistan,TKM,Population ages 65 and above (% of total population),SP.POP.65UP.TO.ZS,4.426634462,..
Turks and Caicos Islands,TCA,GDP (current US$),NY.GDP.MKTP.CD,1022312010,..
Turks and Caicos Islands,TCA,GDP (constant LCU),NY.GDP.MKTP.KN,939971536.3,..
Turks and Caicos Islands,TCA,"GDP, PPP (current international $)",NY.GDP.MKTP.PP.CD,955588678.6,..
Turks and Caicos Islands,TCA,"Unemployment, female (% of female labor force) (modeled ILO estimate)",SL.UEM.TOTL.FE.ZS,..,..
Turks and Caicos Islands,TCA,"Unemployment, male (% of male labor force) (modeled ILO estimate)",SL.UEM.TOTL.MA.ZS,..,..
Turks and Caicos Islands,TCA,"Unemployment, total (% of total labor force) (modeled ILO estimate)",SL.UEM.TOTL.ZS,..,..
Turks and Caicos Islands,TCA,"Population, total",SP.POP.TOTL,37665,..
Turks and Caicos Islands,TCA,Population in the largest city (% of urban population),EN.URB.LCTY.UR.ZS,..,..
Turks and Caicos Islands,TCA,"Government expenditure on education, total (% of GDP)",SE.XPD.TOTL.GD.ZS,2.91435,..
Turks and Caicos Islands,TCA,Population ages 65 and above (% of total population),SP.POP.65UP.TO.ZS,..,..
Tuvalu,TUV,GDP (current US$),NY.GDP.MKTP.CD,42587778.47,..
Tuvalu,TUV,GDP (constant LCU),NY.GDP.MKTP.KN,41000000,..
Tuvalu,TUV,"GDP, PPP (current international $)",NY.GDP.MKTP.PP.CD,46602386.88,..
Tuvalu,TUV,"Unemployment, female (% of female labor force) (modeled ILO estimate)",SL.UEM.TOTL.FE.ZS,..,..
Tuvalu,TUV,"Unemployment, male (% of male labor force) (modeled ILO estimate)",SL.UEM.TOTL.MA.ZS,..,..
Tuvalu,TUV,"Unemployment, total (% of total labor force) (modeled ILO estimate)",SL.UEM.TOTL.ZS,..,..
Tuvalu,TUV,"Population, total",SP.POP.TOTL,11508,..
Tuvalu,TUV,Population in the largest city (% of urban population),EN.URB.LCTY.UR.ZS,..,..
Tuvalu,TUV,"Government expenditure on education, total (% of GDP)",SE.XPD.TOTL.GD.ZS,..,..
Tuvalu,TUV,Population ages 65 and above (% of total population),SP.POP.65UP.TO.ZS,..,..
Uganda,UGA,GDP (current US$),NY.GDP.MKTP.CD,27461440192,..
Uganda,UGA,GDP (constant LCU),NY.GDP.MKTP.KN,6.155E+13,..
Uganda,UGA,"GDP, PPP (current international $)",NY.GDP.MKTP.PP.CD,87072914178,..
Uganda,UGA,"Unemployment, female (% of female labor force) (modeled ILO estimate)",SL.UEM.TOTL.FE.ZS,2.13499999,2.135999918
Uganda,UGA,"Unemployment, male (% of male labor force) (modeled ILO estimate)",SL.UEM.TOTL.MA.ZS,1.378000021,1.463999987
Uganda,UGA,"Unemployment, total (% of total labor force) (modeled ILO estimate)",SL.UEM.TOTL.ZS,1.741999984,1.786999941
Uganda,UGA,"Population, total",SP.POP.TOTL,42723139,..
Uganda,UGA,Population in the largest city (% of urban population),EN.URB.LCTY.UR.ZS,29.40191291,..
Uganda,UGA,"Government expenditure on education, total (% of GDP)",SE.XPD.TOTL.GD.ZS,2.52076,..
Uganda,UGA,Population ages 65 and above (% of total population),SP.POP.65UP.TO.ZS,1.94098692,..
Ukraine,UKR,GDP (current US$),NY.GDP.MKTP.CD,1.30832E+11,..
Ukraine,UKR,GDP (constant LCU),NY.GDP.MKTP.KN,1.04327E+12,..
Ukraine,UKR,"GDP, PPP (current international $)",NY.GDP.MKTP.PP.CD,3.90973E+11,..
Ukraine,UKR,"Unemployment, female (% of female labor force) (modeled ILO estimate)",SL.UEM.TOTL.FE.ZS,8.138999939,8.069999695
Ukraine,UKR,"Unemployment, male (% of male labor force) (modeled ILO estimate)",SL.UEM.TOTL.MA.ZS,10.49699974,10.42700005
Ukraine,UKR,"Unemployment, total (% of total labor force) (modeled ILO estimate)",SL.UEM.TOTL.ZS,9.380999565,9.312000275
Ukraine,UKR,"Population, total",SP.POP.TOTL,44622516,..
Ukraine,UKR,Population in the largest city (% of urban population),EN.URB.LCTY.UR.ZS,9.554217042,..
Ukraine,UKR,"Government expenditure on education, total (% of GDP)",SE.XPD.TOTL.GD.ZS,..,..
Ukraine,UKR,Population ages 65 and above (% of total population),SP.POP.65UP.TO.ZS,16.43468644,..
United Arab Emirates,ARE,GDP (current US$),NY.GDP.MKTP.CD,4.14179E+11,..
United Arab Emirates,ARE,GDP (constant LCU),NY.GDP.MKTP.KN,1.44246E+12,..
United Arab Emirates,ARE,"GDP, PPP (current international $)",NY.GDP.MKTP.PP.CD,7.23047E+11,..
United Arab Emirates,ARE,"Unemployment, female (% of female labor force) (modeled ILO estimate)",SL.UEM.TOTL.FE.ZS,7.461999893,7.734000206
United Arab Emirates,ARE,"Unemployment, male (% of male labor force) (modeled ILO estimate)",SL.UEM.TOTL.MA.ZS,1.70599997,1.720000029
United Arab Emirates,ARE,"Unemployment, total (% of total labor force) (modeled ILO estimate)",SL.UEM.TOTL.ZS,2.575000048,2.642999887
United Arab Emirates,ARE,"Population, total",SP.POP.TOTL,9630959,..
United Arab Emirates,ARE,Population in the largest city (% of urban population),EN.URB.LCTY.UR.ZS,33.42625819,..
United Arab Emirates,ARE,"Government expenditure on education, total (% of GDP)",SE.XPD.TOTL.GD.ZS,..,..
United Arab Emirates,ARE,Population ages 65 and above (% of total population),SP.POP.65UP.TO.ZS,1.085000985,..
United Kingdom,GBR,GDP (current US$),NY.GDP.MKTP.CD,2.8553E+12,..
United Kingdom,GBR,GDP (constant LCU),NY.GDP.MKTP.KN,2.01821E+12,..
United Kingdom,GBR,"GDP, PPP (current international $)",NY.GDP.MKTP.PP.CD,3.05674E+12,..
United Kingdom,GBR,"Unemployment, female (% of female labor force) (modeled ILO estimate)",SL.UEM.TOTL.FE.ZS,3.881999969,3.717000008
United Kingdom,GBR,"Unemployment, male (% of male labor force) (modeled ILO estimate)",SL.UEM.TOTL.MA.ZS,4.017000198,3.891000032
United Kingdom,GBR,"Unemployment, total (% of total labor force) (modeled ILO estimate)",SL.UEM.TOTL.ZS,3.953999996,3.809000015
United Kingdom,GBR,"Population, total",SP.POP.TOTL,66488991,..
United Kingdom,GBR,Population in the largest city (% of urban population),EN.URB.LCTY.UR.ZS,16.314527,..
United Kingdom,GBR,"Government expenditure on education, total (% of GDP)",SE.XPD.TOTL.GD.ZS,..,..
United Kingdom,GBR,Population ages 65 and above (% of total population),SP.POP.65UP.TO.ZS,18.39586567,..
United States,USA,GDP (current US$),NY.GDP.MKTP.CD,2.05443E+13,..
United States,USA,GDP (constant LCU),NY.GDP.MKTP.KN,1.94688E+13,..
United States,USA,"GDP, PPP (current international $)",NY.GDP.MKTP.PP.CD,2.05443E+13,..
United States,USA,"Unemployment, female (% of female labor force) (modeled ILO estimate)",SL.UEM.TOTL.FE.ZS,3.773000002,3.789000034
United States,USA,"Unemployment, male (% of male labor force) (modeled ILO estimate)",SL.UEM.TOTL.MA.ZS,4.070000172,3.937999964
United States,USA,"Unemployment, total (% of total labor force) (modeled ILO estimate)",SL.UEM.TOTL.ZS,3.933000088,3.868999958
United States,USA,"Population, total",SP.POP.TOTL,327167434,..
United States,USA,Population in the largest city (% of urban population),EN.URB.LCTY.UR.ZS,6.993059413,..
United States,USA,"Government expenditure on education, total (% of GDP)",SE.XPD.TOTL.GD.ZS,..,..
United States,USA,Population ages 65 and above (% of total population),SP.POP.65UP.TO.ZS,15.80765406,..
Uruguay,URY,GDP (current US$),NY.GDP.MKTP.CD,59596885024,..
Uruguay,URY,GDP (constant LCU),NY.GDP.MKTP.KN,7.10585E+11,..
Uruguay,URY,"GDP, PPP (current international $)",NY.GDP.MKTP.PP.CD,81307488150,..
Uruguay,URY,"Unemployment, female (% of female labor force) (modeled ILO estimate)",SL.UEM.TOTL.FE.ZS,9.720000267,9.807999611
Uruguay,URY,"Unemployment, male (% of male labor force) (modeled ILO estimate)",SL.UEM.TOTL.MA.ZS,6.495999813,6.388999939
Uruguay,URY,"Unemployment, total (% of total labor force) (modeled ILO estimate)",SL.UEM.TOTL.ZS,7.960999966,7.941999912
Uruguay,URY,"Population, total",SP.POP.TOTL,3449299,..
Uruguay,URY,Population in the largest city (% of urban population),EN.URB.LCTY.UR.ZS,52.82242945,..
Uruguay,URY,"Government expenditure on education, total (% of GDP)",SE.XPD.TOTL.GD.ZS,..,..
Uruguay,URY,Population ages 65 and above (% of total population),SP.POP.65UP.TO.ZS,14.81451953,..
Uzbekistan,UZB,GDP (current US$),NY.GDP.MKTP.CD,50499921558,..
Uzbekistan,UZB,GDP (constant LCU),NY.GDP.MKTP.KN,1.23692E+14,..
Uzbekistan,UZB,"GDP, PPP (current international $)",NY.GDP.MKTP.PP.CD,2.81968E+11,..
Uzbekistan,UZB,"Unemployment, female (% of female labor force) (modeled ILO estimate)",SL.UEM.TOTL.FE.ZS,5.018000126,5.291999817
Uzbekistan,UZB,"Unemployment, male (% of male labor force) (modeled ILO estimate)",SL.UEM.TOTL.MA.ZS,5.368000031,5.644999981
Uzbekistan,UZB,"Unemployment, total (% of total labor force) (modeled ILO estimate)",SL.UEM.TOTL.ZS,5.22300005,5.499000072
Uzbekistan,UZB,"Population, total",SP.POP.TOTL,32955400,..
Uzbekistan,UZB,Population in the largest city (% of urban population),EN.URB.LCTY.UR.ZS,14.8117546,..
Uzbekistan,UZB,"Government expenditure on education, total (% of GDP)",SE.XPD.TOTL.GD.ZS,..,..
Uzbekistan,UZB,Population ages 65 and above (% of total population),SP.POP.65UP.TO.ZS,4.419137878,..
Vanuatu,VUT,GDP (current US$),NY.GDP.MKTP.CD,914301119.3,..
Vanuatu,VUT,GDP (constant LCU),NY.GDP.MKTP.KN,68623014954,..
Vanuatu,VUT,"GDP, PPP (current international $)",NY.GDP.MKTP.PP.CD,942766130.3,..
Vanuatu,VUT,"Unemployment, female (% of female labor force) (modeled ILO estimate)",SL.UEM.TOTL.FE.ZS,6.117000103,6.09100008
Vanuatu,VUT,"Unemployment, male (% of male labor force) (modeled ILO estimate)",SL.UEM.TOTL.MA.ZS,4.856999874,4.856999874
Vanuatu,VUT,"Unemployment, total (% of total labor force) (modeled ILO estimate)",SL.UEM.TOTL.ZS,5.40899992,5.397999763
Vanuatu,VUT,"Population, total",SP.POP.TOTL,292680,..
Vanuatu,VUT,Population in the largest city (% of urban population),EN.URB.LCTY.UR.ZS,..,..
Vanuatu,VUT,"Government expenditure on education, total (% of GDP)",SE.XPD.TOTL.GD.ZS,..,..
Vanuatu,VUT,Population ages 65 and above (% of total population),SP.POP.65UP.TO.ZS,3.640153068,..
"Venezuela, RB",VEN,GDP (current US$),NY.GDP.MKTP.CD,..,..
"Venezuela, RB",VEN,GDP (constant LCU),NY.GDP.MKTP.KN,31539989000,..
"Venezuela, RB",VEN,"GDP, PPP (current international $)",NY.GDP.MKTP.PP.CD,..,..
"Venezuela, RB",VEN,"Unemployment, female (% of female labor force) (modeled ILO estimate)",SL.UEM.TOTL.FE.ZS,8.958999634,9.699999809
"Venezuela, RB",VEN,"Unemployment, male (% of male labor force) (modeled ILO estimate)",SL.UEM.TOTL.MA.ZS,7.986000061,8.680999756
"Venezuela, RB",VEN,"Unemployment, total (% of total labor force) (modeled ILO estimate)",SL.UEM.TOTL.ZS,8.364999771,9.079000473
"Venezuela, RB",VEN,"Population, total",SP.POP.TOTL,28870195,..
"Venezuela, RB",VEN,Population in the largest city (% of urban population),EN.URB.LCTY.UR.ZS,11.52352357,..
"Venezuela, RB",VEN,"Government expenditure on education, total (% of GDP)",SE.XPD.TOTL.GD.ZS,..,..
"Venezuela, RB",VEN,Population ages 65 and above (% of total population),SP.POP.65UP.TO.ZS,7.26698662,..
Vietnam,VNM,GDP (current US$),NY.GDP.MKTP.CD,2.45214E+11,..
Vietnam,VNM,GDP (constant LCU),NY.GDP.MKTP.KN,3.49E+15,..
Vietnam,VNM,"GDP, PPP (current international $)",NY.GDP.MKTP.PP.CD,7.11567E+11,..
Vietnam,VNM,"Unemployment, female (% of female labor force) (modeled ILO estimate)",SL.UEM.TOTL.FE.ZS,1.751999974,1.786000013
Vietnam,VNM,"Unemployment, male (% of male labor force) (modeled ILO estimate)",SL.UEM.TOTL.MA.ZS,2.019999981,1.993999958
Vietnam,VNM,"Unemployment, total (% of total labor force) (modeled ILO estimate)",SL.UEM.TOTL.ZS,1.891000032,1.894000053
Vietnam,VNM,"Population, total",SP.POP.TOTL,95540395,..
Vietnam,VNM,Population in the largest city (% of urban population),EN.URB.LCTY.UR.ZS,23.73553763,..
Vietnam,VNM,"Government expenditure on education, total (% of GDP)",SE.XPD.TOTL.GD.ZS,4.17277,..
Vietnam,VNM,Population ages 65 and above (% of total population),SP.POP.65UP.TO.ZS,7.274978298,..
Virgin Islands (U.S.),VIR,GDP (current US$),NY.GDP.MKTP.CD,..,..
Virgin Islands (U.S.),VIR,GDP (constant LCU),NY.GDP.MKTP.KN,..,..
Virgin Islands (U.S.),VIR,"GDP, PPP (current international $)",NY.GDP.MKTP.PP.CD,..,..
Virgin Islands (U.S.),VIR,"Unemployment, female (% of female labor force) (modeled ILO estimate)",SL.UEM.TOTL.FE.ZS,9.180000305,9.078000069
Virgin Islands (U.S.),VIR,"Unemployment, male (% of male labor force) (modeled ILO estimate)",SL.UEM.TOTL.MA.ZS,7.646999836,7.639999866
Virgin Islands (U.S.),VIR,"Unemployment, total (% of total labor force) (modeled ILO estimate)",SL.UEM.TOTL.ZS,8.409999847,8.357000351
Virgin Islands (U.S.),VIR,"Population, total",SP.POP.TOTL,106977,..
Virgin Islands (U.S.),VIR,Population in the largest city (% of urban population),EN.URB.LCTY.UR.ZS,..,..
Virgin Islands (U.S.),VIR,"Government expenditure on education, total (% of GDP)",SE.XPD.TOTL.GD.ZS,..,..
Virgin Islands (U.S.),VIR,Population ages 65 and above (% of total population),SP.POP.65UP.TO.ZS,19.28830722,..
West Bank and Gaza,PSE,GDP (current US$),NY.GDP.MKTP.CD,14615900000,..
West Bank and Gaza,PSE,GDP (constant LCU),NY.GDP.MKTP.KN,13810300000,..
West Bank and Gaza,PSE,"GDP, PPP (current international $)",NY.GDP.MKTP.PP.CD,23565379543,..
West Bank and Gaza,PSE,"Unemployment, female (% of female labor force) (modeled ILO estimate)",SL.UEM.TOTL.FE.ZS,50.75600052,50.92399979
West Bank and Gaza,PSE,"Unemployment, male (% of male labor force) (modeled ILO estimate)",SL.UEM.TOTL.MA.ZS,24.71800041,24.22999954
West Bank and Gaza,PSE,"Unemployment, total (% of total labor force) (modeled ILO estimate)",SL.UEM.TOTL.ZS,30.18199921,29.86599922
West Bank and Gaza,PSE,"Population, total",SP.POP.TOTL,4569087,..
West Bank and Gaza,PSE,Population in the largest city (% of urban population),EN.URB.LCTY.UR.ZS,19.35741936,..
West Bank and Gaza,PSE,"Government expenditure on education, total (% of GDP)",SE.XPD.TOTL.GD.ZS,..,..
West Bank and Gaza,PSE,Population ages 65 and above (% of total population),SP.POP.65UP.TO.ZS,3.133305737,..
"Yemen, Rep.",YEM,GDP (current US$),NY.GDP.MKTP.CD,26914402224,..
"Yemen, Rep.",YEM,GDP (constant LCU),NY.GDP.MKTP.KN,2.40182E+11,..
"Yemen, Rep.",YEM,"GDP, PPP (current international $)",NY.GDP.MKTP.PP.CD,73387720841,..
"Yemen, Rep.",YEM,"Unemployment, female (% of female labor force) (modeled ILO estimate)",SL.UEM.TOTL.FE.ZS,23.49300003,22.79400063
"Yemen, Rep.",YEM,"Unemployment, male (% of male labor force) (modeled ILO estimate)",SL.UEM.TOTL.MA.ZS,12.04800034,11.99300003
"Yemen, Rep.",YEM,"Unemployment, total (% of total labor force) (modeled ILO estimate)",SL.UEM.TOTL.ZS,12.93400002,12.80900002
"Yemen, Rep.",YEM,"Population, total",SP.POP.TOTL,28498687,..
"Yemen, Rep.",YEM,Population in the largest city (% of urban population),EN.URB.LCTY.UR.ZS,26.61546495,..
"Yemen, Rep.",YEM,"Government expenditure on education, total (% of GDP)",SE.XPD.TOTL.GD.ZS,..,..
"Yemen, Rep.",YEM,Population ages 65 and above (% of total population),SP.POP.65UP.TO.ZS,2.876269756,..
Zambia,ZMB,GDP (current US$),NY.GDP.MKTP.CD,26720073436,..
Zambia,ZMB,GDP (constant LCU),NY.GDP.MKTP.KN,1.39203E+11,..
Zambia,ZMB,"GDP, PPP (current international $)",NY.GDP.MKTP.PP.CD,73292481293,..
Zambia,ZMB,"Unemployment, female (% of female labor force) (modeled ILO estimate)",SL.UEM.TOTL.FE.ZS,6.943999767,6.823999882
Zambia,ZMB,"Unemployment, male (% of male labor force) (modeled ILO estimate)",SL.UEM.TOTL.MA.ZS,7.453000069,7.441999912
Zambia,ZMB,"Unemployment, total (% of total labor force) (modeled ILO estimate)",SL.UEM.TOTL.ZS,7.209000111,7.144999981
Zambia,ZMB,"Population, total",SP.POP.TOTL,17351822,..
Zambia,ZMB,Population in the largest city (% of urban population),EN.URB.LCTY.UR.ZS,33.42093408,..
Zambia,ZMB,"Government expenditure on education, total (% of GDP)",SE.XPD.TOTL.GD.ZS,4.66738,..
Zambia,ZMB,Population ages 65 and above (% of total population),SP.POP.65UP.TO.ZS,2.099678026,..
Zimbabwe,ZWE,GDP (current US$),NY.GDP.MKTP.CD,31000519447,..
Zimbabwe,ZWE,GDP (constant LCU),NY.GDP.MKTP.KN,20369665561,..
Zimbabwe,ZWE,"GDP, PPP (current international $)",NY.GDP.MKTP.PP.CD,43747235742,..
Zimbabwe,ZWE,"Unemployment, female (% of female labor force) (modeled ILO estimate)",SL.UEM.TOTL.FE.ZS,5.427999973,5.392000198
Zimbabwe,ZWE,"Unemployment, male (% of male labor force) (modeled ILO estimate)",SL.UEM.TOTL.MA.ZS,4.420000076,4.421999931
Zimbabwe,ZWE,"Unemployment, total (% of total labor force) (modeled ILO estimate)",SL.UEM.TOTL.ZS,4.914999962,4.897999763
Zimbabwe,ZWE,"Population, total",SP.POP.TOTL,14439018,..
Zimbabwe,ZWE,Population in the largest city (% of urban population),EN.URB.LCTY.UR.ZS,32.57634449,..
Zimbabwe,ZWE,"Government expenditure on education, total (% of GDP)",SE.XPD.TOTL.GD.ZS,4.60449,..
Zimbabwe,ZWE,Population ages 65 and above (% of total population),SP.POP.65UP.TO.ZS,2.939523653,..
Arab World,ARB,GDP (current US$),NY.GDP.MKTP.CD,2.77431E+12,..
Arab World,ARB,GDP (constant LCU),NY.GDP.MKTP.KN,..,..
Arab World,ARB,"GDP, PPP (current international $)",NY.GDP.MKTP.PP.CD,7.37578E+12,..
Arab World,ARB,"Unemployment, female (% of female labor force) (modeled ILO estimate)",SL.UEM.TOTL.FE.ZS,18.67894039,18.73431196
Arab World,ARB,"Unemployment, male (% of male labor force) (modeled ILO estimate)",SL.UEM.TOTL.MA.ZS,7.707273037,7.684069467
Arab World,ARB,"Unemployment, total (% of total labor force) (modeled ILO estimate)",SL.UEM.TOTL.ZS,9.938816874,9.931899922
Arab World,ARB,"Population, total",SP.POP.TOTL,419790588,..
Arab World,ARB,Population in the largest city (% of urban population),EN.URB.LCTY.UR.ZS,29.01576915,..
Arab World,ARB,"Government expenditure on education, total (% of GDP)",SE.XPD.TOTL.GD.ZS,..,..
Arab World,ARB,Population ages 65 and above (% of total population),SP.POP.65UP.TO.ZS,4.557876424,..
Caribbean small states,CSS,GDP (current US$),NY.GDP.MKTP.CD,73523538155,..
Caribbean small states,CSS,GDP (constant LCU),NY.GDP.MKTP.KN,..,..
Caribbean small states,CSS,"GDP, PPP (current international $)",NY.GDP.MKTP.PP.CD,1.1912E+11,..
Caribbean small states,CSS,"Unemployment, female (% of female labor force) (modeled ILO estimate)",SL.UEM.TOTL.FE.ZS,11.306971,11.41093212
Caribbean small states,CSS,"Unemployment, male (% of male labor force) (modeled ILO estimate)",SL.UEM.TOTL.MA.ZS,7.149213437,7.076429915
Caribbean small states,CSS,"Unemployment, total (% of total labor force) (modeled ILO estimate)",SL.UEM.TOTL.ZS,8.957645454,8.966007668
Caribbean small states,CSS,"Population, total",SP.POP.TOTL,7358965,..
Caribbean small states,CSS,Population in the largest city (% of urban population),EN.URB.LCTY.UR.ZS,..,..
Caribbean small states,CSS,"Government expenditure on education, total (% of GDP)",SE.XPD.TOTL.GD.ZS,5.40731,..
Caribbean small states,CSS,Population ages 65 and above (% of total population),SP.POP.65UP.TO.ZS,8.796658749,..
Central Europe and the Baltics,CEB,GDP (current US$),NY.GDP.MKTP.CD,1.63291E+12,..
Central Europe and the Baltics,CEB,GDP (constant LCU),NY.GDP.MKTP.KN,..,..
Central Europe and the Baltics,CEB,"GDP, PPP (current international $)",NY.GDP.MKTP.PP.CD,3.19983E+12,..
Central Europe and the Baltics,CEB,"Unemployment, female (% of female labor force) (modeled ILO estimate)",SL.UEM.TOTL.FE.ZS,4.344795588,4.115395719
Central Europe and the Baltics,CEB,"Unemployment, male (% of male labor force) (modeled ILO estimate)",SL.UEM.TOTL.MA.ZS,4.315388883,4.057276693
Central Europe and the Baltics,CEB,"Unemployment, total (% of total labor force) (modeled ILO estimate)",SL.UEM.TOTL.ZS,4.328621021,4.083569169
Central Europe and the Baltics,CEB,"Population, total",SP.POP.TOTL,102511922,..
Central Europe and the Baltics,CEB,Population in the largest city (% of urban population),EN.URB.LCTY.UR.ZS,16.94803512,..
Central Europe and the Baltics,CEB,"Government expenditure on education, total (% of GDP)",SE.XPD.TOTL.GD.ZS,..,..
Central Europe and the Baltics,CEB,Population ages 65 and above (% of total population),SP.POP.65UP.TO.ZS,18.4601185,..
Early-demographic dividend,EAR,GDP (current US$),NY.GDP.MKTP.CD,1.16381E+13,..
Early-demographic dividend,EAR,GDP (constant LCU),NY.GDP.MKTP.KN,..,..
Early-demographic dividend,EAR,"GDP, PPP (current international $)",NY.GDP.MKTP.PP.CD,3.33907E+13,..
Early-demographic dividend,EAR,"Unemployment, female (% of female labor force) (modeled ILO estimate)",SL.UEM.TOTL.FE.ZS,5.99963484,6.077363023
Early-demographic dividend,EAR,"Unemployment, male (% of male labor force) (modeled ILO estimate)",SL.UEM.TOTL.MA.ZS,3.901339758,3.938123662
Early-demographic dividend,EAR,"Unemployment, total (% of total labor force) (modeled ILO estimate)",SL.UEM.TOTL.ZS,4.53908073,4.588520862
Early-demographic dividend,EAR,"Population, total",SP.POP.TOTL,3249140605,..
Early-demographic dividend,EAR,Population in the largest city (% of urban population),EN.URB.LCTY.UR.ZS,17.5824846,..
Early-demographic dividend,EAR,"Government expenditure on education, total (% of GDP)",SE.XPD.TOTL.GD.ZS,..,..
Early-demographic dividend,EAR,Population ages 65 and above (% of total population),SP.POP.65UP.TO.ZS,5.817805684,..
East Asia & Pacific,EAS,GDP (current US$),NY.GDP.MKTP.CD,2.59424E+13,..
East Asia & Pacific,EAS,GDP (constant LCU),NY.GDP.MKTP.KN,..,..
East Asia & Pacific,EAS,"GDP, PPP (current international $)",NY.GDP.MKTP.PP.CD,4.5004E+13,..
East Asia & Pacific,EAS,"Unemployment, female (% of female labor force) (modeled ILO estimate)",SL.UEM.TOTL.FE.ZS,3.459586133,3.462176317
East Asia & Pacific,EAS,"Unemployment, male (% of male labor force) (modeled ILO estimate)",SL.UEM.TOTL.MA.ZS,4.177574638,4.181888269
East Asia & Pacific,EAS,"Unemployment, total (% of total labor force) (modeled ILO estimate)",SL.UEM.TOTL.ZS,3.868119814,3.871915372
East Asia & Pacific,EAS,"Population, total",SP.POP.TOTL,2328220870,..
East Asia & Pacific,EAS,Population in the largest city (% of urban population),EN.URB.LCTY.UR.ZS,11.65337949,..
East Asia & Pacific,EAS,"Government expenditure on education, total (% of GDP)",SE.XPD.TOTL.GD.ZS,..,..
East Asia & Pacific,EAS,Population ages 65 and above (% of total population),SP.POP.65UP.TO.ZS,10.744358,..
East Asia & Pacific (excluding high income),EAP,GDP (current US$),NY.GDP.MKTP.CD,1.62845E+13,..
East Asia & Pacific (excluding high income),EAP,GDP (constant LCU),NY.GDP.MKTP.KN,..,..
East Asia & Pacific (excluding high income),EAP,"GDP, PPP (current international $)",NY.GDP.MKTP.PP.CD,3.35428E+13,..
East Asia & Pacific (excluding high income),EAP,"Unemployment, female (% of female labor force) (modeled ILO estimate)",SL.UEM.TOTL.FE.ZS,3.492762248,3.498247502
East Asia & Pacific (excluding high income),EAP,"Unemployment, male (% of male labor force) (modeled ILO estimate)",SL.UEM.TOTL.MA.ZS,4.275186865,4.282936901
East Asia & Pacific (excluding high income),EAP,"Unemployment, total (% of total labor force) (modeled ILO estimate)",SL.UEM.TOTL.ZS,3.938292172,3.94545415
East Asia & Pacific (excluding high income),EAP,"Population, total",SP.POP.TOTL,2081651801,..
East Asia & Pacific (excluding high income),EAP,Population in the largest city (% of urban population),EN.URB.LCTY.UR.ZS,7.62038819,..
East Asia & Pacific (excluding high income),EAP,"Government expenditure on education, total (% of GDP)",SE.XPD.TOTL.GD.ZS,..,..
East Asia & Pacific (excluding high income),EAP,Population ages 65 and above (% of total population),SP.POP.65UP.TO.ZS,9.496237874,..
East Asia & Pacific (IDA & IBRD countries),TEA,GDP (current US$),NY.GDP.MKTP.CD,1.62533E+13,..
East Asia & Pacific (IDA & IBRD countries),TEA,GDP (constant LCU),NY.GDP.MKTP.KN,..,..
East Asia & Pacific (IDA & IBRD countries),TEA,"GDP, PPP (current international $)",NY.GDP.MKTP.PP.CD,3.34788E+13,..
East Asia & Pacific (IDA & IBRD countries),TEA,"Unemployment, female (% of female labor force) (modeled ILO estimate)",SL.UEM.TOTL.FE.ZS,3.501397698,3.507123983
East Asia & Pacific (IDA & IBRD countries),TEA,"Unemployment, male (% of male labor force) (modeled ILO estimate)",SL.UEM.TOTL.MA.ZS,4.28415503,4.292035838
East Asia & Pacific (IDA & IBRD countries),TEA,"Unemployment, total (% of total labor force) (modeled ILO estimate)",SL.UEM.TOTL.ZS,3.947647097,3.954991459
East Asia & Pacific (IDA & IBRD countries),TEA,"Population, total",SP.POP.TOTL,2056064424,..
East Asia & Pacific (IDA & IBRD countries),TEA,Population in the largest city (% of urban population),EN.URB.LCTY.UR.ZS,7.459753701,..
East Asia & Pacific (IDA & IBRD countries),TEA,"Government expenditure on education, total (% of GDP)",SE.XPD.TOTL.GD.ZS,3.14565,..
East Asia & Pacific (IDA & IBRD countries),TEA,Population ages 65 and above (% of total population),SP.POP.65UP.TO.ZS,9.498247565,..
Euro area,EMU,GDP (current US$),NY.GDP.MKTP.CD,1.36466E+13,..
Euro area,EMU,GDP (constant LCU),NY.GDP.MKTP.KN,..,..
Euro area,EMU,"GDP, PPP (current international $)",NY.GDP.MKTP.PP.CD,1.57929E+13,..
Euro area,EMU,"Unemployment, female (% of female labor force) (modeled ILO estimate)",SL.UEM.TOTL.FE.ZS,8.699812857,8.36109674
Euro area,EMU,"Unemployment, male (% of male labor force) (modeled ILO estimate)",SL.UEM.TOTL.MA.ZS,7.78832704,7.302849413
Euro area,EMU,"Unemployment, total (% of total labor force) (modeled ILO estimate)",SL.UEM.TOTL.ZS,8.20808511,7.790755584
Euro area,EMU,"Population, total",SP.POP.TOTL,341783171,..
Euro area,EMU,Population in the largest city (% of urban population),EN.URB.LCTY.UR.ZS,15.69687083,..
Euro area,EMU,"Government expenditure on education, total (% of GDP)",SE.XPD.TOTL.GD.ZS,..,..
Euro area,EMU,Population ages 65 and above (% of total population),SP.POP.65UP.TO.ZS,20.60028759,..
Europe & Central Asia,ECS,GDP (current US$),NY.GDP.MKTP.CD,2.30684E+13,..
Europe & Central Asia,ECS,GDP (constant LCU),NY.GDP.MKTP.KN,..,..
Europe & Central Asia,ECS,"GDP, PPP (current international $)",NY.GDP.MKTP.PP.CD,3.18845E+13,..
Europe & Central Asia,ECS,"Unemployment, female (% of female labor force) (modeled ILO estimate)",SL.UEM.TOTL.FE.ZS,7.056631349,6.964476115
Europe & Central Asia,ECS,"Unemployment, male (% of male labor force) (modeled ILO estimate)",SL.UEM.TOTL.MA.ZS,6.850554843,6.713943276
Europe & Central Asia,ECS,"Unemployment, total (% of total labor force) (modeled ILO estimate)",SL.UEM.TOTL.ZS,6.94375318,6.82712406
Europe & Central Asia,ECS,"Population, total",SP.POP.TOTL,918793590,..
Europe & Central Asia,ECS,Population in the largest city (% of urban population),EN.URB.LCTY.UR.ZS,16.80273754,..
Europe & Central Asia,ECS,"Government expenditure on education, total (% of GDP)",SE.XPD.TOTL.GD.ZS,..,..
Europe & Central Asia,ECS,Population ages 65 and above (% of total population),SP.POP.65UP.TO.ZS,16.3488906,..
Europe & Central Asia (excluding high income),ECA,GDP (current US$),NY.GDP.MKTP.CD,3.4107E+12,..
Europe & Central Asia (excluding high income),ECA,GDP (constant LCU),NY.GDP.MKTP.KN,..,..
Europe & Central Asia (excluding high income),ECA,"GDP, PPP (current international $)",NY.GDP.MKTP.PP.CD,9.16301E+12,..
Europe & Central Asia (excluding high income),ECA,"Unemployment, female (% of female labor force) (modeled ILO estimate)",SL.UEM.TOTL.FE.ZS,6.850873884,7.010171237
Europe & Central Asia (excluding high income),ECA,"Unemployment, male (% of male labor force) (modeled ILO estimate)",SL.UEM.TOTL.MA.ZS,7.190329615,7.351603249
Europe & Central Asia (excluding high income),ECA,"Unemployment, total (% of total labor force) (modeled ILO estimate)",SL.UEM.TOTL.ZS,7.039704279,7.200292055
Europe & Central Asia (excluding high income),ECA,"Population, total",SP.POP.TOTL,417797257,..
Europe & Central Asia (excluding high income),ECA,Population in the largest city (% of urban population),EN.URB.LCTY.UR.ZS,17.95794302,..
Europe & Central Asia (excluding high income),ECA,"Government expenditure on education, total (% of GDP)",SE.XPD.TOTL.GD.ZS,..,..
Europe & Central Asia (excluding high income),ECA,Population ages 65 and above (% of total population),SP.POP.65UP.TO.ZS,12.0469774,..
Europe & Central Asia (IDA & IBRD countries),TEC,GDP (current US$),NY.GDP.MKTP.CD,4.05733E+12,..
Europe & Central Asia (IDA & IBRD countries),TEC,GDP (constant LCU),NY.GDP.MKTP.KN,..,..
Europe & Central Asia (IDA & IBRD countries),TEC,"GDP, PPP (current international $)",NY.GDP.MKTP.PP.CD,1.04659E+13,..
Europe & Central Asia (IDA & IBRD countries),TEC,"Unemployment, female (% of female labor force) (modeled ILO estimate)",SL.UEM.TOTL.FE.ZS,6.603331315,6.704167506
Europe & Central Asia (IDA & IBRD countries),TEC,"Unemployment, male (% of male labor force) (modeled ILO estimate)",SL.UEM.TOTL.MA.ZS,6.894265707,6.999947408
Europe & Central Asia (IDA & IBRD countries),TEC,"Unemployment, total (% of total labor force) (modeled ILO estimate)",SL.UEM.TOTL.ZS,6.765165128,6.868829795
Europe & Central Asia (IDA & IBRD countries),TEC,"Population, total",SP.POP.TOTL,459865205,..
Europe & Central Asia (IDA & IBRD countries),TEC,Population in the largest city (% of urban population),EN.URB.LCTY.UR.ZS,17.2782155,..
Europe & Central Asia (IDA & IBRD countries),TEC,"Government expenditure on education, total (% of GDP)",SE.XPD.TOTL.GD.ZS,..,..
Europe & Central Asia (IDA & IBRD countries),TEC,Population ages 65 and above (% of total population),SP.POP.65UP.TO.ZS,12.57559892,..
European Union,EUU,GDP (current US$),NY.GDP.MKTP.CD,1.87681E+13,..
European Union,EUU,GDP (constant LCU),NY.GDP.MKTP.KN,..,..
European Union,EUU,"GDP, PPP (current international $)",NY.GDP.MKTP.PP.CD,2.24468E+13,..
European Union,EUU,"Unemployment, female (% of female labor force) (modeled ILO estimate)",SL.UEM.TOTL.FE.ZS,7.144118287,6.859947324
European Union,EUU,"Unemployment, male (% of male labor force) (modeled ILO estimate)",SL.UEM.TOTL.MA.ZS,6.557610492,6.172831772
European Union,EUU,"Unemployment, total (% of total labor force) (modeled ILO estimate)",SL.UEM.TOTL.ZS,6.827696429,6.489369837
European Union,EUU,"Population, total",SP.POP.TOTL,513213363,..
European Union,EUU,Population in the largest city (% of urban population),EN.URB.LCTY.UR.ZS,15.93012395,..
European Union,EUU,"Government expenditure on education, total (% of GDP)",SE.XPD.TOTL.GD.ZS,..,..
European Union,EUU,Population ages 65 and above (% of total population),SP.POP.65UP.TO.ZS,19.93452168,..
Fragile and conflict affected situations,FCS,GDP (current US$),NY.GDP.MKTP.CD,8.41433E+11,..
Fragile and conflict affected situations,FCS,GDP (constant LCU),NY.GDP.MKTP.KN,..,..
Fragile and conflict affected situations,FCS,"GDP, PPP (current international $)",NY.GDP.MKTP.PP.CD,2.40358E+12,..
Fragile and conflict affected situations,FCS,"Unemployment, female (% of female labor force) (modeled ILO estimate)",SL.UEM.TOTL.FE.ZS,6.267174013,6.283216514
Fragile and conflict affected situations,FCS,"Unemployment, male (% of male labor force) (modeled ILO estimate)",SL.UEM.TOTL.MA.ZS,5.646170409,5.690344699
Fragile and conflict affected situations,FCS,"Unemployment, total (% of total labor force) (modeled ILO estimate)",SL.UEM.TOTL.ZS,5.883462186,5.916716653
Fragile and conflict affected situations,FCS,"Population, total",SP.POP.TOTL,515215936,..
Fragile and conflict affected situations,FCS,Population in the largest city (% of urban population),EN.URB.LCTY.UR.ZS,33.20950364,..
Fragile and conflict affected situations,FCS,"Government expenditure on education, total (% of GDP)",SE.XPD.TOTL.GD.ZS,..,..
Fragile and conflict affected situations,FCS,Population ages 65 and above (% of total population),SP.POP.65UP.TO.ZS,3.450848012,..
Heavily indebted poor countries (HIPC),HPC,GDP (current US$),NY.GDP.MKTP.CD,7.29218E+11,..
Heavily indebted poor countries (HIPC),HPC,GDP (constant LCU),NY.GDP.MKTP.KN,..,..
Heavily indebted poor countries (HIPC),HPC,"GDP, PPP (current international $)",NY.GDP.MKTP.PP.CD,1.9745E+12,..
Heavily indebted poor countries (HIPC),HPC,"Unemployment, female (% of female labor force) (modeled ILO estimate)",SL.UEM.TOTL.FE.ZS,4.262204674,4.26534327
Heavily indebted poor countries (HIPC),HPC,"Unemployment, male (% of male labor force) (modeled ILO estimate)",SL.UEM.TOTL.MA.ZS,3.579382536,3.604304293
Heavily indebted poor countries (HIPC),HPC,"Unemployment, total (% of total labor force) (modeled ILO estimate)",SL.UEM.TOTL.ZS,3.890739576,3.905734913
Heavily indebted poor countries (HIPC),HPC,"Population, total",SP.POP.TOTL,780234406,..
Heavily indebted poor countries (HIPC),HPC,Population in the largest city (% of urban population),EN.URB.LCTY.UR.ZS,32.18496998,..
Heavily indebted poor countries (HIPC),HPC,"Government expenditure on education, total (% of GDP)",SE.XPD.TOTL.GD.ZS,4.01379,..
Heavily indebted poor countries (HIPC),HPC,Population ages 65 and above (% of total population),SP.POP.65UP.TO.ZS,3.028409238,..
High income,HIC,GDP (current US$),NY.GDP.MKTP.CD,5.42057E+13,..
High income,HIC,GDP (constant LCU),NY.GDP.MKTP.KN,..,..
High income,HIC,"GDP, PPP (current international $)",NY.GDP.MKTP.PP.CD,6.12793E+13,..
High income,HIC,"Unemployment, female (% of female labor force) (modeled ILO estimate)",SL.UEM.TOTL.FE.ZS,5.4218006,5.31893647
High income,HIC,"Unemployment, male (% of male labor force) (modeled ILO estimate)",SL.UEM.TOTL.MA.ZS,4.870359496,4.679405577
High income,HIC,"Unemployment, total (% of total labor force) (modeled ILO estimate)",SL.UEM.TOTL.ZS,5.113904661,4.961949474
High income,HIC,"Population, total",SP.POP.TOTL,1210312147,..
High income,HIC,Population in the largest city (% of urban population),EN.URB.LCTY.UR.ZS,19.40955136,..
High income,HIC,"Government expenditure on education, total (% of GDP)",SE.XPD.TOTL.GD.ZS,..,..
High income,HIC,Population ages 65 and above (% of total population),SP.POP.65UP.TO.ZS,17.93204393,..
IBRD only,IBD,GDP (current US$),NY.GDP.MKTP.CD,3.04732E+13,..
IBRD only,IBD,GDP (constant LCU),NY.GDP.MKTP.KN,..,..
IBRD only,IBD,"GDP, PPP (current international $)",NY.GDP.MKTP.PP.CD,7.00916E+13,..
IBRD only,IBD,"Unemployment, female (% of female labor force) (modeled ILO estimate)",SL.UEM.TOTL.FE.ZS,5.599351842,5.649869651
IBRD only,IBD,"Unemployment, male (% of male labor force) (modeled ILO estimate)",SL.UEM.TOTL.MA.ZS,4.792199043,4.784995715
IBRD only,IBD,"Unemployment, total (% of total labor force) (modeled ILO estimate)",SL.UEM.TOTL.ZS,5.094671244,5.108120641
IBRD only,IBD,"Population, total",SP.POP.TOTL,4772284113,..
IBRD only,IBD,Population in the largest city (% of urban population),EN.URB.LCTY.UR.ZS,12.46694916,..
IBRD only,IBD,"Government expenditure on education, total (% of GDP)",SE.XPD.TOTL.GD.ZS,..,..
IBRD only,IBD,Population ages 65 and above (% of total population),SP.POP.65UP.TO.ZS,8.483780139,..
IDA & IBRD total,IBT,GDP (current US$),NY.GDP.MKTP.CD,3.26944E+13,..
IDA & IBRD total,IBT,GDP (constant LCU),NY.GDP.MKTP.KN,..,..
IDA & IBRD total,IBT,"GDP, PPP (current international $)",NY.GDP.MKTP.PP.CD,7.66725E+13,..
IDA & IBRD total,IBT,"Unemployment, female (% of female labor force) (modeled ILO estimate)",SL.UEM.TOTL.FE.ZS,5.435314792,5.472485315
IDA & IBRD total,IBT,"Unemployment, male (% of male labor force) (modeled ILO estimate)",SL.UEM.TOTL.MA.ZS,4.603998321,4.600682684
IDA & IBRD total,IBT,"Unemployment, total (% of total labor force) (modeled ILO estimate)",SL.UEM.TOTL.ZS,4.921616332,4.933223759
IDA & IBRD total,IBT,"Population, total",SP.POP.TOTL,6412522234,..
IDA & IBRD total,IBT,Population in the largest city (% of urban population),EN.URB.LCTY.UR.ZS,15.23097281,..
IDA & IBRD total,IBT,"Government expenditure on education, total (% of GDP)",SE.XPD.TOTL.GD.ZS,..,..
IDA & IBRD total,IBT,Population ages 65 and above (% of total population),SP.POP.65UP.TO.ZS,7.224820741,..
IDA blend,IDB,GDP (current US$),NY.GDP.MKTP.CD,9.93778E+11,..
IDA blend,IDB,GDP (constant LCU),NY.GDP.MKTP.KN,..,..
IDA blend,IDB,"GDP, PPP (current international $)",NY.GDP.MKTP.PP.CD,3.12057E+12,..
IDA blend,IDB,"Unemployment, female (% of female labor force) (modeled ILO estimate)",SL.UEM.TOTL.FE.ZS,6.112593327,6.175813317
IDA blend,IDB,"Unemployment, male (% of male labor force) (modeled ILO estimate)",SL.UEM.TOTL.MA.ZS,4.341953264,4.370214118
IDA blend,IDB,"Unemployment, total (% of total labor force) (modeled ILO estimate)",SL.UEM.TOTL.ZS,4.99818675,5.040583951
IDA blend,IDB,"Population, total",SP.POP.TOTL,555830605,..
IDA blend,IDB,Population in the largest city (% of urban population),EN.URB.LCTY.UR.ZS,19.43751621,..
IDA blend,IDB,"Government expenditure on education, total (% of GDP)",SE.XPD.TOTL.GD.ZS,4.12844,..
IDA blend,IDB,Population ages 65 and above (% of total population),SP.POP.65UP.TO.ZS,3.498860383,..
IDA only,IDX,GDP (current US$),NY.GDP.MKTP.CD,1.2358E+12,..
IDA only,IDX,GDP (constant LCU),NY.GDP.MKTP.KN,..,..
IDA only,IDX,"GDP, PPP (current international $)",NY.GDP.MKTP.PP.CD,3.52417E+12,..
IDA only,IDX,"Unemployment, female (% of female labor force) (modeled ILO estimate)",SL.UEM.TOTL.FE.ZS,4.446671288,4.434753409
IDA only,IDX,"Unemployment, male (% of male labor force) (modeled ILO estimate)",SL.UEM.TOTL.MA.ZS,3.698064225,3.719470124
IDA only,IDX,"Unemployment, total (% of total labor force) (modeled ILO estimate)",SL.UEM.TOTL.ZS,4.016055194,4.023508194
IDA only,IDX,"Population, total",SP.POP.TOTL,1084407516,..
IDA only,IDX,Population in the largest city (% of urban population),EN.URB.LCTY.UR.ZS,32.24893104,..
IDA only,IDX,"Government expenditure on education, total (% of GDP)",SE.XPD.TOTL.GD.ZS,4.03814,..
IDA only,IDX,Population ages 65 and above (% of total population),SP.POP.65UP.TO.ZS,3.587592591,..
IDA total,IDA,GDP (current US$),NY.GDP.MKTP.CD,2.22947E+12,..
IDA total,IDA,GDP (constant LCU),NY.GDP.MKTP.KN,..,..
IDA total,IDA,"GDP, PPP (current international $)",NY.GDP.MKTP.PP.CD,6.65864E+12,..
IDA total,IDA,"Unemployment, female (% of female labor force) (modeled ILO estimate)",SL.UEM.TOTL.FE.ZS,4.913323141,4.922074682
IDA total,IDA,"Unemployment, male (% of male labor force) (modeled ILO estimate)",SL.UEM.TOTL.MA.ZS,3.908801806,3.932114715
IDA total,IDA,"Unemployment, total (% of total labor force) (modeled ILO estimate)",SL.UEM.TOTL.ZS,4.31855148,4.336334615
IDA total,IDA,"Population, total",SP.POP.TOTL,1640238121,..
IDA total,IDA,Population in the largest city (% of urban population),EN.URB.LCTY.UR.ZS,27.26702045,..
IDA total,IDA,"Government expenditure on education, total (% of GDP)",SE.XPD.TOTL.GD.ZS,4.08329,..
IDA total,IDA,Population ages 65 and above (% of total population),SP.POP.65UP.TO.ZS,3.557491151,..
Late-demographic dividend,LTE,GDP (current US$),NY.GDP.MKTP.CD,2.21832E+13,..
Late-demographic dividend,LTE,GDP (constant LCU),NY.GDP.MKTP.KN,..,..
Late-demographic dividend,LTE,"GDP, PPP (current international $)",NY.GDP.MKTP.PP.CD,4.36525E+13,..
Late-demographic dividend,LTE,"Unemployment, female (% of female labor force) (modeled ILO estimate)",SL.UEM.TOTL.FE.ZS,5.030265781,5.041256586
Late-demographic dividend,LTE,"Unemployment, male (% of male labor force) (modeled ILO estimate)",SL.UEM.TOTL.MA.ZS,5.28046725,5.228558574
Late-demographic dividend,LTE,"Unemployment, total (% of total labor force) (modeled ILO estimate)",SL.UEM.TOTL.ZS,5.171970957,5.147796121
Late-demographic dividend,LTE,"Population, total",SP.POP.TOTL,2288665963,..
Late-demographic dividend,LTE,Population in the largest city (% of urban population),EN.URB.LCTY.UR.ZS,10.34440298,..
Late-demographic dividend,LTE,"Government expenditure on education, total (% of GDP)",SE.XPD.TOTL.GD.ZS,..,..
Late-demographic dividend,LTE,Population ages 65 and above (% of total population),SP.POP.65UP.TO.ZS,10.72325299,..
Latin America & Caribbean,LCN,GDP (current US$),NY.GDP.MKTP.CD,5.80058E+12,..
Latin America & Caribbean,LCN,GDP (constant LCU),NY.GDP.MKTP.KN,..,..
Latin America & Caribbean,LCN,"GDP, PPP (current international $)",NY.GDP.MKTP.PP.CD,1.04227E+13,..
Latin America & Caribbean,LCN,"Unemployment, female (% of female labor force) (modeled ILO estimate)",SL.UEM.TOTL.FE.ZS,9.567847396,9.656800604
Latin America & Caribbean,LCN,"Unemployment, male (% of male labor force) (modeled ILO estimate)",SL.UEM.TOTL.MA.ZS,6.993459891,6.873742355
Latin America & Caribbean,LCN,"Unemployment, total (% of total labor force) (modeled ILO estimate)",SL.UEM.TOTL.ZS,8.054645095,8.02337325
Latin America & Caribbean,LCN,"Population, total",SP.POP.TOTL,641357515,..
Latin America & Caribbean,LCN,Population in the largest city (% of urban population),EN.URB.LCTY.UR.ZS,23.20440072,..
Latin America & Caribbean,LCN,"Government expenditure on education, total (% of GDP)",SE.XPD.TOTL.GD.ZS,..,..
Latin America & Caribbean,LCN,Population ages 65 and above (% of total population),SP.POP.65UP.TO.ZS,8.438306072,..
Latin America & Caribbean (excluding high income),LAC,GDP (current US$),NY.GDP.MKTP.CD,5.20464E+12,..
Latin America & Caribbean (excluding high income),LAC,GDP (constant LCU),NY.GDP.MKTP.KN,..,..
Latin America & Caribbean (excluding high income),LAC,"GDP, PPP (current international $)",NY.GDP.MKTP.PP.CD,9.53903E+12,..
Latin America & Caribbean (excluding high income),LAC,"Unemployment, female (% of female labor force) (modeled ILO estimate)",SL.UEM.TOTL.FE.ZS,9.66620624,9.746290741
Latin America & Caribbean (excluding high income),LAC,"Unemployment, male (% of male labor force) (modeled ILO estimate)",SL.UEM.TOTL.MA.ZS,7.013131201,6.888582146
Latin America & Caribbean (excluding high income),LAC,"Unemployment, total (% of total labor force) (modeled ILO estimate)",SL.UEM.TOTL.ZS,8.105627425,8.067836745
Latin America & Caribbean (excluding high income),LAC,"Population, total",SP.POP.TOTL,609013934,..
Latin America & Caribbean (excluding high income),LAC,Population in the largest city (% of urban population),EN.URB.LCTY.UR.ZS,21.74966482,..
Latin America & Caribbean (excluding high income),LAC,"Government expenditure on education, total (% of GDP)",SE.XPD.TOTL.GD.ZS,..,..
Latin America & Caribbean (excluding high income),LAC,Population ages 65 and above (% of total population),SP.POP.65UP.TO.ZS,8.24270282,..
Latin America & the Caribbean (IDA & IBRD countries),TLA,GDP (current US$),NY.GDP.MKTP.CD,5.55976E+12,..
Latin America & the Caribbean (IDA & IBRD countries),TLA,GDP (constant LCU),NY.GDP.MKTP.KN,..,..
Latin America & the Caribbean (IDA & IBRD countries),TLA,"GDP, PPP (current international $)",NY.GDP.MKTP.PP.CD,1.01135E+13,..
Latin America & the Caribbean (IDA & IBRD countries),TLA,"Unemployment, female (% of female labor force) (modeled ILO estimate)",SL.UEM.TOTL.FE.ZS,9.675061366,9.764754573
Latin America & the Caribbean (IDA & IBRD countries),TLA,"Unemployment, male (% of male labor force) (modeled ILO estimate)",SL.UEM.TOTL.MA.ZS,7.054550514,6.933241523
Latin America & the Caribbean (IDA & IBRD countries),TLA,"Unemployment, total (% of total labor force) (modeled ILO estimate)",SL.UEM.TOTL.ZS,8.136041728,8.104284385
Latin America & the Caribbean (IDA & IBRD countries),TLA,"Population, total",SP.POP.TOTL,625569713,..
Latin America & the Caribbean (IDA & IBRD countries),TLA,Population in the largest city (% of urban population),EN.URB.LCTY.UR.ZS,22.8327636,..
Latin America & the Caribbean (IDA & IBRD countries),TLA,"Government expenditure on education, total (% of GDP)",SE.XPD.TOTL.GD.ZS,..,..
Latin America & the Caribbean (IDA & IBRD countries),TLA,Population ages 65 and above (% of total population),SP.POP.65UP.TO.ZS,8.256209237,..
Least developed countries: UN classification,LDC,GDP (current US$),NY.GDP.MKTP.CD,1.06464E+12,..
Least developed countries: UN classification,LDC,GDP (constant LCU),NY.GDP.MKTP.KN,..,..
Least developed countries: UN classification,LDC,"GDP, PPP (current international $)",NY.GDP.MKTP.PP.CD,3.02439E+12,..
Least developed countries: UN classification,LDC,"Unemployment, female (% of female labor force) (modeled ILO estimate)",SL.UEM.TOTL.FE.ZS,4.376460791,4.360919553
Least developed countries: UN classification,LDC,"Unemployment, male (% of male labor force) (modeled ILO estimate)",SL.UEM.TOTL.MA.ZS,3.614791873,3.631390716
Least developed countries: UN classification,LDC,"Unemployment, total (% of total labor force) (modeled ILO estimate)",SL.UEM.TOTL.ZS,3.943447797,3.946339808
Least developed countries: UN classification,LDC,"Population, total",SP.POP.TOTL,1009662578,..
Least developed countries: UN classification,LDC,Population in the largest city (% of urban population),EN.URB.LCTY.UR.ZS,33.3342672,..
Least developed countries: UN classification,LDC,"Government expenditure on education, total (% of GDP)",SE.XPD.TOTL.GD.ZS,4.03814,..
Least developed countries: UN classification,LDC,Population ages 65 and above (% of total population),SP.POP.65UP.TO.ZS,3.540249106,..
Low & middle income,LMY,GDP (current US$),NY.GDP.MKTP.CD,3.17356E+13,..
Low & middle income,LMY,GDP (constant LCU),NY.GDP.MKTP.KN,..,..
Low & middle income,LMY,"GDP, PPP (current international $)",NY.GDP.MKTP.PP.CD,7.49883E+13,..
Low & middle income,LMY,"Unemployment, female (% of female labor force) (modeled ILO estimate)",SL.UEM.TOTL.FE.ZS,5.422040634,5.461811228
Low & middle income,LMY,"Unemployment, male (% of male labor force) (modeled ILO estimate)",SL.UEM.TOTL.MA.ZS,4.603447888,4.602848955
Low & middle income,LMY,"Unemployment, total (% of total labor force) (modeled ILO estimate)",SL.UEM.TOTL.ZS,4.916053486,4.930339352
Low & middle income,LMY,"Population, total",SP.POP.TOTL,6383958209,..
Low & middle income,LMY,Population in the largest city (% of urban population),EN.URB.LCTY.UR.ZS,15.09834109,..
Low & middle income,LMY,"Government expenditure on education, total (% of GDP)",SE.XPD.TOTL.GD.ZS,..,..
Low & middle income,LMY,Population ages 65 and above (% of total population),SP.POP.65UP.TO.ZS,7.156651231,..
Low income,LIC,GDP (current US$),NY.GDP.MKTP.CD,5.8823E+11,..
Low income,LIC,GDP (constant LCU),NY.GDP.MKTP.KN,..,..
Low income,LIC,"GDP, PPP (current international $)",NY.GDP.MKTP.PP.CD,1.61386E+12,..
Low income,LIC,"Unemployment, female (% of female labor force) (modeled ILO estimate)",SL.UEM.TOTL.FE.ZS,3.620839374,3.613486742
Low income,LIC,"Unemployment, male (% of male labor force) (modeled ILO estimate)",SL.UEM.TOTL.MA.ZS,3.51633319,3.524946671
Low income,LIC,"Unemployment, total (% of total labor force) (modeled ILO estimate)",SL.UEM.TOTL.ZS,3.566046676,3.567295722
Low income,LIC,"Population, total",SP.POP.TOTL,705417321,..
Low income,LIC,Population in the largest city (% of urban population),EN.URB.LCTY.UR.ZS,30.71773723,..
Low income,LIC,"Government expenditure on education, total (% of GDP)",SE.XPD.TOTL.GD.ZS,3.86729,..
Low income,LIC,Population ages 65 and above (% of total population),SP.POP.65UP.TO.ZS,3.291171653,..
Lower middle income,LMC,GDP (current US$),NY.GDP.MKTP.CD,6.70206E+12,..
Lower middle income,LMC,GDP (constant LCU),NY.GDP.MKTP.KN,..,..
Lower middle income,LMC,"GDP, PPP (current international $)",NY.GDP.MKTP.PP.CD,2.31408E+13,..
Lower middle income,LMC,"Unemployment, female (% of female labor force) (modeled ILO estimate)",SL.UEM.TOTL.FE.ZS,5.099648453,5.1339551
Lower middle income,LMC,"Unemployment, male (% of male labor force) (modeled ILO estimate)",SL.UEM.TOTL.MA.ZS,3.443261796,3.446780055
Lower middle income,LMC,"Unemployment, total (% of total labor force) (modeled ILO estimate)",SL.UEM.TOTL.ZS,3.959905045,3.972904902
Lower middle income,LMC,"Population, total",SP.POP.TOTL,3022905169,..
Lower middle income,LMC,Population in the largest city (% of urban population),EN.URB.LCTY.UR.ZS,16.21215239,..
Lower middle income,LMC,"Government expenditure on education, total (% of GDP)",SE.XPD.TOTL.GD.ZS,..,..
Lower middle income,LMC,Population ages 65 and above (% of total population),SP.POP.65UP.TO.ZS,5.529415473,..
Middle East & North Africa,MEA,GDP (current US$),NY.GDP.MKTP.CD,3.61054E+12,..
Middle East & North Africa,MEA,GDP (constant LCU),NY.GDP.MKTP.KN,..,..
Middle East & North Africa,MEA,"GDP, PPP (current international $)",NY.GDP.MKTP.PP.CD,9.29808E+12,..
Middle East & North Africa,MEA,"Unemployment, female (% of female labor force) (modeled ILO estimate)",SL.UEM.TOTL.FE.ZS,17.68524276,17.75101205
Middle East & North Africa,MEA,"Unemployment, male (% of male labor force) (modeled ILO estimate)",SL.UEM.TOTL.MA.ZS,7.821114707,7.775591073
Middle East & North Africa,MEA,"Unemployment, total (% of total labor force) (modeled ILO estimate)",SL.UEM.TOTL.ZS,9.817740533,9.792762255
Middle East & North Africa,MEA,"Population, total",SP.POP.TOTL,448912859,..
Middle East & North Africa,MEA,Population in the largest city (% of urban population),EN.URB.LCTY.UR.ZS,25.86647003,..
Middle East & North Africa,MEA,"Government expenditure on education, total (% of GDP)",SE.XPD.TOTL.GD.ZS,..,..
Middle East & North Africa,MEA,Population ages 65 and above (% of total population),SP.POP.65UP.TO.ZS,5.182161356,..
Middle East & North Africa (excluding high income),MNA,GDP (current US$),NY.GDP.MKTP.CD,..,..
Middle East & North Africa (excluding high income),MNA,GDP (constant LCU),NY.GDP.MKTP.KN,..,..
Middle East & North Africa (excluding high income),MNA,"GDP, PPP (current international $)",NY.GDP.MKTP.PP.CD,..,..
Middle East & North Africa (excluding high income),MNA,"Unemployment, female (% of female labor force) (modeled ILO estimate)",SL.UEM.TOTL.FE.ZS,19.88380729,19.88280579
Middle East & North Africa (excluding high income),MNA,"Unemployment, male (% of male labor force) (modeled ILO estimate)",SL.UEM.TOTL.MA.ZS,9.38022404,9.348426979
Middle East & North Africa (excluding high income),MNA,"Unemployment, total (% of total labor force) (modeled ILO estimate)",SL.UEM.TOTL.ZS,11.48297838,11.45538266
Middle East & North Africa (excluding high income),MNA,"Population, total",SP.POP.TOTL,382896715,..
Middle East & North Africa (excluding high income),MNA,Population in the largest city (% of urban population),EN.URB.LCTY.UR.ZS,23.91294004,..
Middle East & North Africa (excluding high income),MNA,"Government expenditure on education, total (% of GDP)",SE.XPD.TOTL.GD.ZS,..,..
Middle East & North Africa (excluding high income),MNA,Population ages 65 and above (% of total population),SP.POP.65UP.TO.ZS,5.375436375,..
Middle East & North Africa (IDA & IBRD countries),TMN,GDP (current US$),NY.GDP.MKTP.CD,..,..
Middle East & North Africa (IDA & IBRD countries),TMN,GDP (constant LCU),NY.GDP.MKTP.KN,..,..
Middle East & North Africa (IDA & IBRD countries),TMN,"GDP, PPP (current international $)",NY.GDP.MKTP.PP.CD,..,..
Middle East & North Africa (IDA & IBRD countries),TMN,"Unemployment, female (% of female labor force) (modeled ILO estimate)",SL.UEM.TOTL.FE.ZS,19.53053523,19.51688762
Middle East & North Africa (IDA & IBRD countries),TMN,"Unemployment, male (% of male labor force) (modeled ILO estimate)",SL.UEM.TOTL.MA.ZS,9.214739105,9.184577228
Middle East & North Africa (IDA & IBRD countries),TMN,"Unemployment, total (% of total labor force) (modeled ILO estimate)",SL.UEM.TOTL.ZS,11.27876804,11.24972447
Middle East & North Africa (IDA & IBRD countries),TMN,"Population, total",SP.POP.TOTL,378327628,..
Middle East & North Africa (IDA & IBRD countries),TMN,Population in the largest city (% of urban population),EN.URB.LCTY.UR.ZS,23.98117043,..
Middle East & North Africa (IDA & IBRD countries),TMN,"Government expenditure on education, total (% of GDP)",SE.XPD.TOTL.GD.ZS,..,..
Middle East & North Africa (IDA & IBRD countries),TMN,Population ages 65 and above (% of total population),SP.POP.65UP.TO.ZS,5.40251473,..
Middle income,MIC,GDP (current US$),NY.GDP.MKTP.CD,3.11495E+13,..
Middle income,MIC,GDP (constant LCU),NY.GDP.MKTP.KN,..,..
Middle income,MIC,"GDP, PPP (current international $)",NY.GDP.MKTP.PP.CD,7.34254E+13,..
Middle income,MIC,"Unemployment, female (% of female labor force) (modeled ILO estimate)",SL.UEM.TOTL.FE.ZS,5.678460596,5.731414044
Middle income,MIC,"Unemployment, male (% of male labor force) (modeled ILO estimate)",SL.UEM.TOTL.MA.ZS,4.710647089,4.711419228
Middle income,MIC,"Unemployment, total (% of total labor force) (modeled ILO estimate)",SL.UEM.TOTL.ZS,5.071121166,5.090431401
Middle income,MIC,"Population, total",SP.POP.TOTL,5678540888,..
Middle income,MIC,Population in the largest city (% of urban population),EN.URB.LCTY.UR.ZS,13.89937035,..
Middle income,MIC,"Government expenditure on education, total (% of GDP)",SE.XPD.TOTL.GD.ZS,..,..
Middle income,MIC,Population ages 65 and above (% of total population),SP.POP.65UP.TO.ZS,7.637014665,..
North America,NAC,GDP (current US$),NY.GDP.MKTP.CD,2.22643E+13,..
North America,NAC,GDP (constant LCU),NY.GDP.MKTP.KN,..,..
North America,NAC,"GDP, PPP (current international $)",NY.GDP.MKTP.PP.CD,2.23322E+13,..
North America,NAC,"Unemployment, female (% of female labor force) (modeled ILO estimate)",SL.UEM.TOTL.FE.ZS,3.987514514,4.005977524
North America,NAC,"Unemployment, male (% of male labor force) (modeled ILO estimate)",SL.UEM.TOTL.MA.ZS,4.291861925,4.198334473
North America,NAC,"Unemployment, total (% of total labor force) (modeled ILO estimate)",SL.UEM.TOTL.ZS,4.151099576,4.109221021
North America,NAC,"Population, total",SP.POP.TOTL,364290258,..
North America,NAC,Population in the largest city (% of urban population),EN.URB.LCTY.UR.ZS,8.320430407,..
North America,NAC,"Government expenditure on education, total (% of GDP)",SE.XPD.TOTL.GD.ZS,..,..
North America,NAC,Population ages 65 and above (% of total population),SP.POP.65UP.TO.ZS,15.95257736,..
Not classified,INX,GDP (current US$),NY.GDP.MKTP.CD,..,..
Not classified,INX,GDP (constant LCU),NY.GDP.MKTP.KN,..,..
Not classified,INX,"GDP, PPP (current international $)",NY.GDP.MKTP.PP.CD,..,..
Not classified,INX,"Unemployment, female (% of female labor force) (modeled ILO estimate)",SL.UEM.TOTL.FE.ZS,..,..
Not classified,INX,"Unemployment, male (% of male labor force) (modeled ILO estimate)",SL.UEM.TOTL.MA.ZS,..,..
Not classified,INX,"Unemployment, total (% of total labor force) (modeled ILO estimate)",SL.UEM.TOTL.ZS,..,..
Not classified,INX,"Population, total",SP.POP.TOTL,..,..
Not classified,INX,Population in the largest city (% of urban population),EN.URB.LCTY.UR.ZS,..,..
Not classified,INX,"Government expenditure on education, total (% of GDP)",SE.XPD.TOTL.GD.ZS,..,..
Not classified,INX,Population ages 65 and above (% of total population),SP.POP.65UP.TO.ZS,..,..
OECD members,OED,GDP (current US$),NY.GDP.MKTP.CD,5.26762E+13,..
OECD members,OED,GDP (constant LCU),NY.GDP.MKTP.KN,..,..
OECD members,OED,"GDP, PPP (current international $)",NY.GDP.MKTP.PP.CD,5.94721E+13,..
OECD members,OED,"Unemployment, female (% of female labor force) (modeled ILO estimate)",SL.UEM.TOTL.FE.ZS,5.472932579,5.428936391
OECD members,OED,"Unemployment, male (% of male labor force) (modeled ILO estimate)",SL.UEM.TOTL.MA.ZS,5.193724393,5.078637191
OECD members,OED,"Unemployment, total (% of total labor force) (modeled ILO estimate)",SL.UEM.TOTL.ZS,5.315842557,5.232113686
OECD members,OED,"Population, total",SP.POP.TOTL,1303529456,..
OECD members,OED,Population in the largest city (% of urban population),EN.URB.LCTY.UR.ZS,17.7105365,..
OECD members,OED,"Government expenditure on education, total (% of GDP)",SE.XPD.TOTL.GD.ZS,..,..
OECD members,OED,Population ages 65 and above (% of total population),SP.POP.65UP.TO.ZS,17.11861841,..
Other small states,OSS,GDP (current US$),NY.GDP.MKTP.CD,4.52306E+11,..
Other small states,OSS,GDP (constant LCU),NY.GDP.MKTP.KN,..,..
Other small states,OSS,"GDP, PPP (current international $)",NY.GDP.MKTP.PP.CD,8.3257E+11,..
Other small states,OSS,"Unemployment, female (% of female labor force) (modeled ILO estimate)",SL.UEM.TOTL.FE.ZS,13.38279769,13.4968011
Other small states,OSS,"Unemployment, male (% of male labor force) (modeled ILO estimate)",SL.UEM.TOTL.MA.ZS,7.528833228,7.54704419
Other small states,OSS,"Unemployment, total (% of total labor force) (modeled ILO estimate)",SL.UEM.TOTL.ZS,9.724766324,9.776461721
Other small states,OSS,"Population, total",SP.POP.TOTL,30758989,..
Other small states,OSS,Population in the largest city (% of urban population),EN.URB.LCTY.UR.ZS,..,..
Other small states,OSS,"Government expenditure on education, total (% of GDP)",SE.XPD.TOTL.GD.ZS,..,..
Other small states,OSS,Population ages 65 and above (% of total population),SP.POP.65UP.TO.ZS,5.492465783,..
Pacific island small states,PSS,GDP (current US$),NY.GDP.MKTP.CD,10381220343,..
Pacific island small states,PSS,GDP (constant LCU),NY.GDP.MKTP.KN,..,..
Pacific island small states,PSS,"GDP, PPP (current international $)",NY.GDP.MKTP.PP.CD,15557159799,..
Pacific island small states,PSS,"Unemployment, female (% of female labor force) (modeled ILO estimate)",SL.UEM.TOTL.FE.ZS,4.092136717,4.071595407
Pacific island small states,PSS,"Unemployment, male (% of male labor force) (modeled ILO estimate)",SL.UEM.TOTL.MA.ZS,3.289213563,3.295343772
Pacific island small states,PSS,"Unemployment, total (% of total labor force) (modeled ILO estimate)",SL.UEM.TOTL.ZS,3.597736513,3.595244655
Pacific island small states,PSS,"Population, total",SP.POP.TOTL,2457367,..
Pacific island small states,PSS,Population in the largest city (% of urban population),EN.URB.LCTY.UR.ZS,..,..
Pacific island small states,PSS,"Government expenditure on education, total (% of GDP)",SE.XPD.TOTL.GD.ZS,..,..
Pacific island small states,PSS,Population ages 65 and above (% of total population),SP.POP.65UP.TO.ZS,4.537317377,..
Post-demographic dividend,PST,GDP (current US$),NY.GDP.MKTP.CD,5.00903E+13,..
Post-demographic dividend,PST,GDP (constant LCU),NY.GDP.MKTP.KN,..,..
Post-demographic dividend,PST,"GDP, PPP (current international $)",NY.GDP.MKTP.PP.CD,5.40626E+13,..
Post-demographic dividend,PST,"Unemployment, female (% of female labor force) (modeled ILO estimate)",SL.UEM.TOTL.FE.ZS,5.404666934,5.28741155
Post-demographic dividend,PST,"Unemployment, male (% of male labor force) (modeled ILO estimate)",SL.UEM.TOTL.MA.ZS,5.312241142,5.112224415
Post-demographic dividend,PST,"Unemployment, total (% of total labor force) (modeled ILO estimate)",SL.UEM.TOTL.ZS,5.35456439,5.1921739
Post-demographic dividend,PST,"Population, total",SP.POP.TOTL,1109997273,..
Post-demographic dividend,PST,Population in the largest city (% of urban population),EN.URB.LCTY.UR.ZS,17.47899615,..
Post-demographic dividend,PST,"Government expenditure on education, total (% of GDP)",SE.XPD.TOTL.GD.ZS,..,..
Post-demographic dividend,PST,Population ages 65 and above (% of total population),SP.POP.65UP.TO.ZS,18.95451697,..
Pre-demographic dividend,PRE,GDP (current US$),NY.GDP.MKTP.CD,1.32157E+12,..
Pre-demographic dividend,PRE,GDP (constant LCU),NY.GDP.MKTP.KN,..,..
Pre-demographic dividend,PRE,"GDP, PPP (current international $)",NY.GDP.MKTP.PP.CD,3.66502E+12,..
Pre-demographic dividend,PRE,"Unemployment, female (% of female labor force) (modeled ILO estimate)",SL.UEM.TOTL.FE.ZS,5.407242551,5.433966292
Pre-demographic dividend,PRE,"Unemployment, male (% of male labor force) (modeled ILO estimate)",SL.UEM.TOTL.MA.ZS,4.867451126,4.888881218
Pre-demographic dividend,PRE,"Unemployment, total (% of total labor force) (modeled ILO estimate)",SL.UEM.TOTL.ZS,5.109924082,5.13364066
Pre-demographic dividend,PRE,"Population, total",SP.POP.TOTL,919485393,..
Pre-demographic dividend,PRE,Population in the largest city (% of urban population),EN.URB.LCTY.UR.ZS,28.53126133,..
Pre-demographic dividend,PRE,"Government expenditure on education, total (% of GDP)",SE.XPD.TOTL.GD.ZS,4.2483,..
Pre-demographic dividend,PRE,Population ages 65 and above (% of total population),SP.POP.65UP.TO.ZS,2.753813638,..
Small states,SST,GDP (current US$),NY.GDP.MKTP.CD,5.36147E+11,..
Small states,SST,GDP (constant LCU),NY.GDP.MKTP.KN,..,..
Small states,SST,"GDP, PPP (current international $)",NY.GDP.MKTP.PP.CD,9.67183E+11,..
Small states,SST,"Unemployment, female (% of female labor force) (modeled ILO estimate)",SL.UEM.TOTL.FE.ZS,12.51540865,12.62257803
Small states,SST,"Unemployment, male (% of male labor force) (modeled ILO estimate)",SL.UEM.TOTL.MA.ZS,7.266223007,7.270186618
Small states,SST,"Unemployment, total (% of total labor force) (modeled ILO estimate)",SL.UEM.TOTL.ZS,9.29649864,9.33947125
Small states,SST,"Population, total",SP.POP.TOTL,40575321,..
Small states,SST,Population in the largest city (% of urban population),EN.URB.LCTY.UR.ZS,..,..
Small states,SST,"Government expenditure on education, total (% of GDP)",SE.XPD.TOTL.GD.ZS,..,..
Small states,SST,Population ages 65 and above (% of total population),SP.POP.65UP.TO.ZS,6.029569449,..
South Asia,SAS,GDP (current US$),NY.GDP.MKTP.CD,3.45242E+12,..
South Asia,SAS,GDP (constant LCU),NY.GDP.MKTP.KN,..,..
South Asia,SAS,"GDP, PPP (current international $)",NY.GDP.MKTP.PP.CD,1.2854E+13,..
South Asia,SAS,"Unemployment, female (% of female labor force) (modeled ILO estimate)",SL.UEM.TOTL.FE.ZS,3.97550412,3.96291617
South Asia,SAS,"Unemployment, male (% of male labor force) (modeled ILO estimate)",SL.UEM.TOTL.MA.ZS,2.360096721,2.357869529
South Asia,SAS,"Unemployment, total (% of total labor force) (modeled ILO estimate)",SL.UEM.TOTL.ZS,2.749731574,2.744285773
South Asia,SAS,"Population, total",SP.POP.TOTL,1814388744,..
South Asia,SAS,Population in the largest city (% of urban population),EN.URB.LCTY.UR.ZS,11.26731045,..
South Asia,SAS,"Government expenditure on education, total (% of GDP)",SE.XPD.TOTL.GD.ZS,2.11189,..
South Asia,SAS,Population ages 65 and above (% of total population),SP.POP.65UP.TO.ZS,5.840560482,..
South Asia (IDA & IBRD),TSA,GDP (current US$),NY.GDP.MKTP.CD,3.45242E+12,..
South Asia (IDA & IBRD),TSA,GDP (constant LCU),NY.GDP.MKTP.KN,..,..
South Asia (IDA & IBRD),TSA,"GDP, PPP (current international $)",NY.GDP.MKTP.PP.CD,1.2854E+13,..
South Asia (IDA & IBRD),TSA,"Unemployment, female (% of female labor force) (modeled ILO estimate)",SL.UEM.TOTL.FE.ZS,3.97550412,3.96291617
South Asia (IDA & IBRD),TSA,"Unemployment, male (% of male labor force) (modeled ILO estimate)",SL.UEM.TOTL.MA.ZS,2.360096721,2.357869529
South Asia (IDA & IBRD),TSA,"Unemployment, total (% of total labor force) (modeled ILO estimate)",SL.UEM.TOTL.ZS,2.749731574,2.744285773
South Asia (IDA & IBRD),TSA,"Population, total",SP.POP.TOTL,1814388744,..
South Asia (IDA & IBRD),TSA,Population in the largest city (% of urban population),EN.URB.LCTY.UR.ZS,11.26731045,..
South Asia (IDA & IBRD),TSA,"Government expenditure on education, total (% of GDP)",SE.XPD.TOTL.GD.ZS,2.11189,..
South Asia (IDA & IBRD),TSA,Population ages 65 and above (% of total population),SP.POP.65UP.TO.ZS,5.840560482,..
Sub-Saharan Africa,SSF,GDP (current US$),NY.GDP.MKTP.CD,1.70995E+12,..
Sub-Saharan Africa,SSF,GDP (constant LCU),NY.GDP.MKTP.KN,..,..
Sub-Saharan Africa,SSF,"GDP, PPP (current international $)",NY.GDP.MKTP.PP.CD,4.29975E+12,..
Sub-Saharan Africa,SSF,"Unemployment, female (% of female labor force) (modeled ILO estimate)",SL.UEM.TOTL.FE.ZS,6.491897005,6.514344699
Sub-Saharan Africa,SSF,"Unemployment, male (% of male labor force) (modeled ILO estimate)",SL.UEM.TOTL.MA.ZS,5.751755379,5.76673159
Sub-Saharan Africa,SSF,"Unemployment, total (% of total labor force) (modeled ILO estimate)",SL.UEM.TOTL.ZS,6.094926771,6.113449316
Sub-Saharan Africa,SSF,"Population, total",SP.POP.TOTL,1078306520,..
Sub-Saharan Africa,SSF,Population in the largest city (% of urban population),EN.URB.LCTY.UR.ZS,26.51249752,..
Sub-Saharan Africa,SSF,"Government expenditure on education, total (% of GDP)",SE.XPD.TOTL.GD.ZS,4.60449,..
Sub-Saharan Africa,SSF,Population ages 65 and above (% of total population),SP.POP.65UP.TO.ZS,2.987705607,..
Sub-Saharan Africa (excluding high income),SSA,GDP (current US$),NY.GDP.MKTP.CD,1.70836E+12,..
Sub-Saharan Africa (excluding high income),SSA,GDP (constant LCU),NY.GDP.MKTP.KN,..,..
Sub-Saharan Africa (excluding high income),SSA,"GDP, PPP (current international $)",NY.GDP.MKTP.PP.CD,4.29679E+12,..
Sub-Saharan Africa (excluding high income),SSA,"Unemployment, female (% of female labor force) (modeled ILO estimate)",SL.UEM.TOTL.FE.ZS,6.491897005,6.514344699
Sub-Saharan Africa (excluding high income),SSA,"Unemployment, male (% of male labor force) (modeled ILO estimate)",SL.UEM.TOTL.MA.ZS,5.751755379,5.76673159
Sub-Saharan Africa (excluding high income),SSA,"Unemployment, total (% of total labor force) (modeled ILO estimate)",SL.UEM.TOTL.ZS,6.094926771,6.113449316
Sub-Saharan Africa (excluding high income),SSA,"Population, total",SP.POP.TOTL,1078209758,..
Sub-Saharan Africa (excluding high income),SSA,Population in the largest city (% of urban population),EN.URB.LCTY.UR.ZS,26.51249752,..
Sub-Saharan Africa (excluding high income),SSA,"Government expenditure on education, total (% of GDP)",SE.XPD.TOTL.GD.ZS,4.60449,..
Sub-Saharan Africa (excluding high income),SSA,Population ages 65 and above (% of total population),SP.POP.65UP.TO.ZS,2.987292174,..
Sub-Saharan Africa (IDA & IBRD countries),TSS,GDP (current US$),NY.GDP.MKTP.CD,1.70995E+12,..
Sub-Saharan Africa (IDA & IBRD countries),TSS,GDP (constant LCU),NY.GDP.MKTP.KN,..,..
Sub-Saharan Africa (IDA & IBRD countries),TSS,"GDP, PPP (current international $)",NY.GDP.MKTP.PP.CD,4.29975E+12,..
Sub-Saharan Africa (IDA & IBRD countries),TSS,"Unemployment, female (% of female labor force) (modeled ILO estimate)",SL.UEM.TOTL.FE.ZS,6.491897005,6.514344699
Sub-Saharan Africa (IDA & IBRD countries),TSS,"Unemployment, male (% of male labor force) (modeled ILO estimate)",SL.UEM.TOTL.MA.ZS,5.751755379,5.76673159
Sub-Saharan Africa (IDA & IBRD countries),TSS,"Unemployment, total (% of total labor force) (modeled ILO estimate)",SL.UEM.TOTL.ZS,6.094926771,6.113449316
Sub-Saharan Africa (IDA & IBRD countries),TSS,"Population, total",SP.POP.TOTL,1078306520,..
Sub-Saharan Africa (IDA & IBRD countries),TSS,Population in the largest city (% of urban population),EN.URB.LCTY.UR.ZS,26.51249752,..
Sub-Saharan Africa (IDA & IBRD countries),TSS,"Government expenditure on education, total (% of GDP)",SE.XPD.TOTL.GD.ZS,4.60449,..
Sub-Saharan Africa (IDA & IBRD countries),TSS,Population ages 65 and above (% of total population),SP.POP.65UP.TO.ZS,2.987705607,..
Upper middle income,UMC,GDP (current US$),NY.GDP.MKTP.CD,2.44461E+13,..
Upper middle income,UMC,GDP (constant LCU),NY.GDP.MKTP.KN,..,..
Upper middle income,UMC,"GDP, PPP (current international $)",NY.GDP.MKTP.PP.CD,5.02446E+13,..
Upper middle income,UMC,"Unemployment, female (% of female labor force) (modeled ILO estimate)",SL.UEM.TOTL.FE.ZS,6.052581622,6.124135117
Upper middle income,UMC,"Unemployment, male (% of male labor force) (modeled ILO estimate)",SL.UEM.TOTL.MA.ZS,6.045639477,6.062588831
Upper middle income,UMC,"Unemployment, total (% of total labor force) (modeled ILO estimate)",SL.UEM.TOTL.ZS,6.048404944,6.088439425
Upper middle income,UMC,"Population, total",SP.POP.TOTL,2655635719,..
Upper middle income,UMC,Population in the largest city (% of urban population),EN.URB.LCTY.UR.ZS,12.28764903,..
Upper middle income,UMC,"Government expenditure on education, total (% of GDP)",SE.XPD.TOTL.GD.ZS,..,..
Upper middle income,UMC,Population ages 65 and above (% of total population),SP.POP.65UP.TO.ZS,10.0379488,..
World,WLD,GDP (current US$),NY.GDP.MKTP.CD,8.59097E+13,..
World,WLD,GDP (constant LCU),NY.GDP.MKTP.KN,..,..
World,WLD,"GDP, PPP (current international $)",NY.GDP.MKTP.PP.CD,1.36031E+14,..
World,WLD,"Unemployment, female (% of female labor force) (modeled ILO estimate)",SL.UEM.TOTL.FE.ZS,5.42199269,5.433434319
World,WLD,"Unemployment, male (% of male labor force) (modeled ILO estimate)",SL.UEM.TOTL.MA.ZS,4.64662514,4.615135957
World,WLD,"Unemployment, total (% of total labor force) (modeled ILO estimate)",SL.UEM.TOTL.ZS,4.95100167,4.935883677
World,WLD,"Population, total",SP.POP.TOTL,7594270356,..
World,WLD,Population in the largest city (% of urban population),EN.URB.LCTY.UR.ZS,16.10729518,..
World,WLD,"Government expenditure on education, total (% of GDP)",SE.XPD.TOTL.GD.ZS,..,..
World,WLD,Population ages 65 and above (% of total population),SP.POP.65UP.TO.ZS,8.873442244,..
,,,,,
,,,,,
,,,,,
Data from database: World Development Indicators,,,,,
Last Updated: 03/18/2020,,,,,
